temperature,induction_time,host_organism,vector_type,induction_condition,media_type,expression_level,solubility
26.367182020405163,3.110797573031718,S. cerevisiae,pBAD,Methanol,TB,0.3532814779099245,0.4334987144450396
36.16214320896857,5.251405684270149,S. cerevisiae,pET,IPTG,YPD,0.47461686011387716,0.0724556796852437
32.44389701079389,7.23767501525845,S. cerevisiae,pET,Methanol,TB,0.48982689755443803,0.47000340725874
30.177194231349624,6.393349318457367,P. pastoris,pTrc,Methanol,LB,0.599905097380453,0.6875382066833354
22.652316887521422,6.839366887168699,P. pastoris,pTrc,IPTG,M9,0.3051894381429663,0.9432194360148629
22.651906845715445,5.952700200264304,P. pastoris,pET,Methanol,M9,0.2563005023037637,0.8203500800913162
20.98742140685939,6.153659387107115,S. cerevisiae,pET,Arabinose,TB,0.20345717653932954,0.7297274197875883
34.7249944781739,7.0951739093919155,P. pastoris,pET,IPTG,LB,0.6512621205618463,0.830801176435546
30.21895519963455,3.4980080531551154,E. coli,pBAD,Arabinose,M9,0.40758882320087797,0.4354644621501131
32.03723382253277,4.936549781858843,E. coli,pBAD,IPTG,TB,0.5933846831211559,0.5649298259892471
20.349936403028643,3.3272566509176134,P. pastoris,pBAD,Methanol,TB,0.010257128497652493,0.6147290566140265
36.488467486753905,7.926008047979882,E. coli,pET,Methanol,LB,0.8573374537464753,0.4376089876707042
34.15152489360717,7.66435603811968,E. coli,pTrc,Methanol,YPD,0.8431142291614075,0.6563878917948222
23.609764881530694,2.2365608682110354,S. cerevisiae,pET,IPTG,TB,0.30290977078847725,0.6230004231085735
23.091024442520713,6.233451035094131,P. pastoris,pBAD,Arabinose,YPD,0.17436910420130902,0.792617254199506
23.117876667508376,7.5514899044939945,P. pastoris,pBAD,Arabinose,YPD,0.4586939875104033,0.7108271219379023
25.172118130312143,3.083452070764001,S. cerevisiae,pET,IPTG,M9,0.2268298691956621,0.5056961682158977
28.92085933774804,5.407671383315777,E. coli,pET,IPTG,YPD,0.4371011481575062,0.6203209525648454
27.34306531691597,7.492929785528251,E. coli,pBAD,Arabinose,LB,0.5586253459809775,0.754567372446826
24.950895383366714,2.2036758715147933,P. pastoris,pBAD,Arabinose,M9,0.1860825535669841,0.5261936672675376
30.40149921028045,6.1845216034810395,E. coli,pBAD,Arabinose,M9,0.5568087807350482,0.5896578515012104
22.37139563108471,3.784094044235305,S. cerevisiae,pET,Arabinose,M9,0.41255565675635386,0.5490246196915884
24.966459025098708,7.546377172259183,S. cerevisiae,pBAD,IPTG,TB,0.6598298821136277,0.6411888970088907
26.22815133599276,7.826349470992207,P. pastoris,pBAD,IPTG,TB,0.3005111666298523,0.9147303620794567
27.75318973168961,7.665598934680603,S. cerevisiae,pTrc,Methanol,YPD,0.44091992035279925,0.7034326616886452
33.34799134368123,4.845285299944782,S. cerevisiae,pET,Arabinose,M9,0.5296078921938778,0.40161491136656186
23.394454296692114,7.172255905935881,P. pastoris,pTrc,Methanol,M9,0.32698499355845084,0.8210815005205298
28.741985453031397,7.067296391210422,S. cerevisiae,pTrc,IPTG,LB,0.5482272641128682,0.6212810231677759
30.07104767065472,3.914602839459534,S. cerevisiae,pBAD,IPTG,YPD,0.517974365945099,0.46417907818302034
20.78965701623996,6.973492844904064,S. cerevisiae,pET,Methanol,LB,0.43876402446460916,1.0
30.328262482324455,2.2220458082929557,E. coli,pBAD,Arabinose,YPD,0.5347105961541339,0.47232324156563443
22.898910102683956,5.577619270892319,P. pastoris,pET,Arabinose,YPD,0.47118136788169956,0.7358762301914517
21.105877080749753,3.3800530237262185,P. pastoris,pTrc,Arabinose,TB,0.03752955607051488,0.6682757903916997
36.13105413330666,2.723401314663673,P. pastoris,pET,Arabinose,TB,0.5927589320673274,0.26049267734221865
36.415744562267506,2.461719209775255,E. coli,pBAD,Methanol,LB,0.5479742673744674,0.2524250377725224
33.74275491797984,6.177732655268839,E. coli,pBAD,Methanol,YPD,0.7462906949785695,0.44264378198648235
25.1784340759473,4.039249782608397,P. pastoris,pBAD,IPTG,M9,0.18867754207606913,0.7191969189927286
21.660425938108524,6.3486006291725685,E. coli,pET,Arabinose,TB,0.3659389303043833,0.5539609686139035
31.63196145070667,2.392138044793654,P. pastoris,pTrc,Arabinose,M9,0.4189372029668594,0.48772144001029305
27.48259239357322,3.8917420269836622,E. coli,pTrc,Arabinose,LB,0.28401752442061745,0.5864797949866017
22.07464999236124,5.236947754252023,S. cerevisiae,pET,Methanol,TB,0.4274600914232549,0.8339719839675783
28.418007471891592,6.744338989033781,S. cerevisiae,pBAD,Arabinose,TB,0.6184413697804402,0.7198606939075353
20.584604858958713,3.9125150175924195,P. pastoris,pTrc,Methanol,YPD,0.22445677974563977,0.7048938058344133
35.458446835339295,5.755348258622055,E. coli,pBAD,Arabinose,LB,0.6977087960319106,0.5402242382477938
24.39925968720029,7.315866489417123,E. coli,pET,Arabinose,YPD,0.4548097376596565,0.7887804067536522
31.26287883401769,5.695179129093828,S. cerevisiae,pBAD,IPTG,TB,0.574723000345249,0.3135507502277295
25.299088293519986,3.3977568485218024,S. cerevisiae,pTrc,Arabinose,LB,0.3582468866147819,0.5517202595617074
28.841156360022783,2.146404689339228,E. coli,pTrc,Arabinose,TB,0.3511487634473418,0.37425193446376936
29.294074748835754,7.220593243405579,E. coli,pBAD,IPTG,LB,0.5834010266395235,0.6841792894562749
23.14252574393396,2.1276164651023226,E. coli,pET,Methanol,TB,0.32594564218761746,0.7401958119243697
36.482938671997495,7.248210036105196,E. coli,pBAD,Methanol,M9,0.712226153197224,0.536761047066174
33.17725799713895,5.173622804163272,E. coli,pET,Arabinose,M9,0.48566121056392775,0.38442408626535934
35.971482006591216,7.634406191077377,E. coli,pBAD,Methanol,YPD,0.826295866172384,0.6435940576161734
35.21206495727003,6.792699414641993,P. pastoris,pTrc,Arabinose,M9,0.539335767115641,0.6079669212637911
30.164299639788446,7.987604663200025,E. coli,pET,IPTG,TB,0.6657603185498684,0.5871292790159883
35.67186199539299,4.104270892710261,S. cerevisiae,pET,IPTG,TB,0.47330206662624874,0.1608906961519074
21.50437253488263,6.603129733586761,P. pastoris,pET,Arabinose,M9,0.3613720371428035,0.78962942693411
23.331708661125468,4.411585481655453,E. coli,pTrc,IPTG,YPD,0.44228023760083346,0.7688372421375005
20.768863911479148,4.879253721823453,S. cerevisiae,pBAD,IPTG,M9,0.4147116781933544,0.6882962090366088
25.530615622975493,5.7650327793102205,P. pastoris,pTrc,Arabinose,LB,0.4054211361243159,0.7583912152200911
26.607513924721193,7.242062685118032,S. cerevisiae,pET,Arabinose,LB,0.4553304154258397,0.563582355888259
24.61293354015623,7.904500815195771,E. coli,pBAD,IPTG,LB,0.48789516647904985,0.9181613658633846
34.0885376555828,6.609640483187109,E. coli,pTrc,Methanol,M9,0.7751353916770164,0.33428192990103883
26.064806553791016,4.506600693004002,E. coli,pET,Methanol,M9,0.44558141884603064,0.5570870165463954
24.775886664685473,4.528142013662421,E. coli,pET,Arabinose,M9,0.4345389982446317,0.6978870870799148
29.225833413690225,6.425493809533349,P. pastoris,pTrc,Arabinose,LB,0.42759132114657494,0.5815645869579738
22.395711824570967,3.432662874609814,P. pastoris,pTrc,Methanol,YPD,0.18209697252695795,0.768985173890201
33.637348672818675,2.662844678788368,S. cerevisiae,pTrc,IPTG,TB,0.4313415590817108,0.21111208254541525
21.267360942556103,4.127732945844659,E. coli,pET,Methanol,M9,0.5703071684609038,0.5944896949479381
36.77707792220879,3.72343394992449,S. cerevisiae,pTrc,Methanol,YPD,0.43278638792305024,0.40865508555615804
33.12816107804318,3.7778487227359405,P. pastoris,pET,Methanol,TB,0.3431782439967235,0.4836198739798314
23.37816658608093,3.4016465062994596,E. coli,pTrc,Methanol,TB,0.5287869479816893,0.6843131602447099
20.093875991101243,2.2525591378181713,E. coli,pET,Arabinose,TB,0.2541088711611838,0.7550642532122763
33.86284428373218,2.107243608400483,P. pastoris,pET,Arabinose,YPD,0.33678642362554867,0.1
32.016574845409494,7.926334338416189,P. pastoris,pBAD,IPTG,YPD,0.6495750688512867,0.7693662797102455
32.39312185669678,4.566638802415174,P. pastoris,pTrc,IPTG,LB,0.29549611197951237,0.4483551209109007
33.111595893661075,4.30595988295809,P. pastoris,pTrc,IPTG,YPD,0.5257499763719653,0.4313481976031669
21.258759079479535,6.077883696158419,P. pastoris,pET,IPTG,YPD,0.2959676908810066,0.9123775962164424
26.093917385252634,3.309523327190385,E. coli,pET,Methanol,YPD,0.4812556219555052,0.5253281843431985
21.969774011927207,7.699767103701352,P. pastoris,pET,Arabinose,TB,0.40360052478317593,0.9936104205983348
34.67275823988509,6.718070086493312,E. coli,pBAD,Arabinose,M9,0.6384195337692962,0.5261317022826777
30.596068156068483,2.5364660138735573,E. coli,pBAD,IPTG,LB,0.5946083557875544,0.43254187843090264
25.625266422495038,4.50548465470957,P. pastoris,pET,IPTG,M9,0.2607135788339689,0.6342773437549992
21.080491954862403,7.274709845372988,P. pastoris,pTrc,Methanol,M9,0.3697115806991639,0.8249267452284929
25.28669946916626,7.668392133748462,E. coli,pTrc,Methanol,YPD,0.6915153812921571,0.7274242662347575
25.5281164744547,4.804409067499218,P. pastoris,pBAD,IPTG,LB,0.46371802925285893,0.69106034130406
32.40330503174709,5.680468335264246,P. pastoris,pBAD,Arabinose,M9,0.4495145664863656,0.7682023948492995
30.838477013038624,3.002203676552451,P. pastoris,pET,Arabinose,M9,0.4052470438232289,0.6326389102057411
35.08261662379755,7.947011756821859,S. cerevisiae,pTrc,Arabinose,LB,0.6141569216021453,0.4665529244835502
28.02765372775314,3.3900302083006606,E. coli,pET,IPTG,YPD,0.7241780549320563,0.526196092969428
22.03310218095113,7.656390644810754,S. cerevisiae,pBAD,Arabinose,M9,0.48698607683641904,0.8003955361270656
32.125161382790914,5.897879893954211,P. pastoris,pTrc,Methanol,TB,0.4873163133610939,0.6126989731207846
32.933345826487255,5.6464207692731545,S. cerevisiae,pTrc,Methanol,M9,0.5663111378867675,0.4937031686219756
29.541712358681437,5.076131066099052,P. pastoris,pBAD,IPTG,TB,0.4462648443354645,0.6729845921292452
33.10644205922753,3.3840188703065524,S. cerevisiae,pET,Methanol,YPD,0.5058190162379641,0.05422711794651821
28.394525138194645,3.0591681920330496,P. pastoris,pET,IPTG,M9,0.2926776645662248,0.5817237860650067
28.8864580994939,3.322917254421052,S. cerevisiae,pTrc,Arabinose,LB,0.3447363303939836,0.40570849195893643
27.268197312095346,3.118629572865527,S. cerevisiae,pBAD,Arabinose,LB,0.3335142810533101,0.4029294448810186
20.43212515464962,6.67750684140052,S. cerevisiae,pTrc,Arabinose,M9,0.23179576307940558,0.8987239885907927
21.834154258886176,4.100751555000381,E. coli,pBAD,Methanol,YPD,0.4575890675489045,0.8527835613798518
20.534296156674483,2.347056059380378,S. cerevisiae,pET,IPTG,YPD,0.12204853211600743,0.665946832353089
30.818976991484266,7.814615780844868,E. coli,pBAD,Arabinose,LB,0.5630795353935545,0.6252816943800795
25.344051678297554,7.302715309780554,P. pastoris,pET,IPTG,M9,0.40387550625048063,0.7234511430048841
28.645701749799947,7.566513699171278,S. cerevisiae,pBAD,Arabinose,YPD,0.5098668505853597,0.36219929729587214
35.42863005674358,7.9694469358786115,P. pastoris,pTrc,Methanol,LB,0.6325467103687812,0.6442239247423983
24.237967895530872,3.043371495316924,P. pastoris,pET,Methanol,TB,0.1849976740262506,0.7017009252596617
26.976509691605706,4.377452113415952,S. cerevisiae,pTrc,IPTG,M9,0.3463759427531818,0.5349268437680763
32.84436935523183,6.549430854224548,E. coli,pTrc,Methanol,TB,0.7334087570610826,0.6600932242081313
23.88956881335758,6.176123708322754,S. cerevisiae,pET,Methanol,TB,0.45522457422867124,0.5762519869064283
21.30865846708948,2.9233754380391304,P. pastoris,pET,IPTG,YPD,0.24562992995348742,0.6894251837574246
24.925774699534056,6.894998749943706,P. pastoris,pTrc,Arabinose,YPD,0.387587305660968,0.7965214098937539
22.740761883318076,3.346643431019964,S. cerevisiae,pTrc,Methanol,YPD,0.29292638603286686,0.582912018574831
35.80486008982374,3.3429056889357387,E. coli,pTrc,IPTG,M9,0.6316729613250713,0.45053332606201096
33.738046452595086,5.221846537360482,E. coli,pTrc,Methanol,TB,0.5686081219709347,0.4660556261780863
30.7678638606772,5.557639609050219,P. pastoris,pET,Methanol,M9,0.5919756473411493,0.5847177502068405
34.8148300331912,5.480517247026867,P. pastoris,pET,Methanol,YPD,0.6470784626139607,0.4190826856913139
33.66242530728495,2.5489210243865292,E. coli,pTrc,Methanol,TB,0.6237071802371623,0.47769714111211126
23.17169100106261,7.264765175782282,S. cerevisiae,pBAD,IPTG,M9,0.3723810354931663,0.6373474578980274
35.17350297432962,3.5936002555322366,P. pastoris,pBAD,IPTG,M9,0.5100167817698255,0.353733357148326
29.168818112566065,2.777089527696825,E. coli,pET,IPTG,LB,0.5699360547540078,0.633600349541854
33.72648263778906,7.332488479213863,P. pastoris,pTrc,Methanol,M9,0.4321668838489216,0.6815322113982586
35.233552098699384,7.73390898937852,S. cerevisiae,pTrc,Methanol,YPD,0.816966111281949,0.5163699357471779
25.406059074521686,7.172765703592704,E. coli,pET,Methanol,M9,0.3765178327024781,0.7767399241381845
21.870882716970506,6.857096448349268,P. pastoris,pBAD,IPTG,TB,0.3995872603188343,0.7969038668190005
23.87489776321301,5.93145188383413,S. cerevisiae,pBAD,Methanol,M9,0.5296954001577366,0.6911715307621374
27.260832406646358,5.305144223654835,P. pastoris,pBAD,Arabinose,LB,0.36085220640139337,0.6500371216728542
33.90625102068238,2.5219205594684606,S. cerevisiae,pET,Methanol,TB,0.43180107277330454,0.3039471770034376
34.632419915357836,4.4507192784241925,S. cerevisiae,pBAD,Arabinose,TB,0.5921838227416678,0.2134206082922886
20.118186219030243,4.236131102073884,E. coli,pET,Methanol,LB,0.5459865908248006,0.7921650765895601
28.68270414381862,3.558522702561957,S. cerevisiae,pET,IPTG,YPD,0.36046353692620825,0.5661296748246032
27.095987053529242,6.34052068213151,P. pastoris,pTrc,Methanol,TB,0.32534281067109805,0.7213070264197314
23.775832778002414,4.975254410472624,S. cerevisiae,pBAD,Arabinose,YPD,0.3063317835374864,0.717633168331269
22.037711244672607,2.4862772954458876,S. cerevisiae,pET,Arabinose,TB,0.07773519890188116,0.5987072112550962
25.739457913861674,3.321099211698868,E. coli,pBAD,Methanol,TB,0.5190262457474285,0.5095518992650406
36.029464966512826,6.0995525819575755,S. cerevisiae,pBAD,Arabinose,YPD,0.5532695062494367,0.3091294028480679
25.49444984435284,2.456785156941801,S. cerevisiae,pTrc,Arabinose,TB,0.2739598430126685,0.39004332188149066
28.819440569637223,7.107241484292612,P. pastoris,pBAD,IPTG,YPD,0.5524421324335271,0.7694505221744931
31.951322301218024,4.970879162083846,E. coli,pTrc,Methanol,LB,0.5565150063026789,0.5009155111157503
26.181703240447998,4.883519463959888,E. coli,pET,Methanol,YPD,0.565467904142526,0.7692604124105897
36.52029540625633,5.554446707957106,E. coli,pBAD,Methanol,LB,0.5907908669310195,0.5073825453958563
36.361604014015896,6.948085795550895,S. cerevisiae,pET,Arabinose,TB,0.736364734596408,0.5316508303227478
24.28029902903119,4.086855247413158,E. coli,pBAD,Methanol,YPD,0.46270280081403703,0.6715693780097401
28.45322460017055,6.068096915354381,S. cerevisiae,pET,Methanol,TB,0.4602247462301156,0.498154003864001
25.114931266885083,5.394391783974746,S. cerevisiae,pBAD,IPTG,YPD,0.40025738460993987,0.6742867200821259
24.842288404416948,3.602169621016528,P. pastoris,pBAD,IPTG,LB,0.14204153808951914,0.6633574921926948
20.627078105027056,7.271779918130948,P. pastoris,pBAD,IPTG,LB,0.33117634585513156,0.8281500451950148
30.362593677658246,6.784556129641569,P. pastoris,pBAD,Arabinose,YPD,0.46297329673150117,0.8092814261110184
28.545543394890643,5.950711007950553,P. pastoris,pBAD,Methanol,LB,0.2897573900004384,0.7994366728828871
20.87513877124982,7.103490374565451,P. pastoris,pBAD,IPTG,TB,0.2513084703568377,0.8131071823835224
24.736989892022393,7.203765205758814,S. cerevisiae,pBAD,IPTG,TB,0.42814061258289904,0.6773788810591583
35.44052006143311,6.250177860290209,S. cerevisiae,pBAD,IPTG,M9,0.5384411010367992,0.38242274180752517
24.07255214133853,7.022079970182032,E. coli,pBAD,Methanol,LB,0.279808177140523,0.8605961123190391
22.46321282555079,6.184828770015702,S. cerevisiae,pET,Methanol,TB,0.4750414575591626,0.7948629742811751
28.320696924718572,6.080844630561803,S. cerevisiae,pTrc,Methanol,YPD,0.4528930192736026,0.6040835155611359
36.75605771988021,5.711668269291106,P. pastoris,pBAD,Arabinose,LB,0.32555533468998216,0.5072792623522824
24.114939615695505,6.516299837345848,S. cerevisiae,pTrc,Arabinose,TB,0.622439971767288,0.5914305823283416
31.426304305899933,2.951630631758442,P. pastoris,pBAD,IPTG,LB,0.4925563955748761,0.5054069978058622
32.9475334605882,7.285224555193571,E. coli,pBAD,Methanol,YPD,0.6549301185978906,0.5899909434608627
24.039838247870794,7.231061166471392,E. coli,pET,IPTG,TB,0.4446615071422084,0.7412201429730004
32.37967792640161,2.175483698207355,S. cerevisiae,pET,Methanol,M9,0.44883450551434,0.14911948769890976
26.252313256227303,6.954900503388576,E. coli,pTrc,Methanol,M9,0.5802181161782229,0.7460229161992462
30.74919912009085,2.773219204840671,S. cerevisiae,pET,Methanol,LB,0.45392212173321295,0.41004442062375923
30.77000508293521,4.010713125554851,E. coli,pET,Arabinose,YPD,0.4564796895770239,0.3133904309202875
29.108169629270893,6.461049537749647,P. pastoris,pTrc,Arabinose,TB,0.5548345197131914,0.7019422896059829
21.53492609092494,2.9645593762898494,P. pastoris,pET,Methanol,YPD,0.14376830590058604,0.7158863066502662
34.20014242501705,6.907802144714373,P. pastoris,pBAD,IPTG,TB,0.6184640945259384,0.5449546531240044
25.45326110451951,6.992805067746452,P. pastoris,pTrc,Methanol,LB,0.3164165553579391,0.852818404189658
23.170814676797523,5.044806402565017,S. cerevisiae,pTrc,Methanol,TB,0.6079148426053416,0.6564970730334875
20.693177406430987,2.0383152303010013,E. coli,pBAD,IPTG,YPD,0.3655924740826213,0.6553221665194418
30.04518003420011,3.7222287990494767,S. cerevisiae,pET,Methanol,YPD,0.7096778454128525,0.49297340609994855
31.5185941513188,5.701561510254454,P. pastoris,pTrc,IPTG,LB,0.544948016649875,0.6582600970873401
20.281993091773554,7.887117068164541,S. cerevisiae,pTrc,Arabinose,YPD,0.328168066940532,0.9862436255424138
28.705581991087776,5.7908811621000105,E. coli,pBAD,Arabinose,TB,0.6480341193225362,0.6600056182358043
23.850428178364943,3.558821486384959,S. cerevisiae,pBAD,IPTG,LB,0.39366528105663545,0.5299615184170902
30.967937436960646,5.804034218597668,E. coli,pET,Arabinose,TB,0.6427425666605037,0.5066288556387951
22.964229293084855,5.239912278295133,S. cerevisiae,pTrc,Arabinose,YPD,0.4071673998977761,0.5769116820941901
31.74594154774192,6.679072370906861,E. coli,pET,IPTG,LB,0.7252323395986965,0.6134983927817758
26.574500887109135,2.6418838329617502,E. coli,pET,Arabinose,TB,0.32016489385363234,0.6508669424565279
35.92440980852449,6.566167415012168,P. pastoris,pBAD,Methanol,YPD,0.4615111773917006,0.5063278258026469
22.337856050481886,5.247599472056661,E. coli,pTrc,Methanol,YPD,0.35249894902126255,0.7957376278145709
25.798127967854395,7.777952023153968,P. pastoris,pTrc,IPTG,M9,0.44226956221832103,0.7695600648536807
21.929049861090014,4.051232996232116,P. pastoris,pTrc,Arabinose,YPD,0.2126025358146481,0.7689611823144413
35.71979151073557,5.795731358803689,P. pastoris,pBAD,Methanol,TB,0.4409604895161429,0.6362565872486715
34.91476900747668,7.592168633060105,S. cerevisiae,pBAD,Methanol,LB,0.7137551285504258,0.5884559129559874
24.385007671157645,2.6150583679440755,S. cerevisiae,pBAD,Arabinose,M9,0.30911613958755424,0.35836664588181505
31.219728782581043,7.623370923418706,S. cerevisiae,pBAD,Arabinose,YPD,0.5878017856484402,0.6665179571788963
33.892777403420666,6.12731433380488,S. cerevisiae,pBAD,Methanol,YPD,0.5419952351176553,0.5314434117070467
29.43841379719086,2.4070223546310316,E. coli,pTrc,Methanol,YPD,0.4253803480290631,0.4541450200059122
29.00405983205211,3.8057814016808975,E. coli,pET,IPTG,TB,0.41796264717855824,0.5855841987005815
24.111488945307677,6.2490325318716895,S. cerevisiae,pTrc,IPTG,M9,0.4921601534778205,0.6240270683613445
21.582747052700288,2.40410360881263,E. coli,pET,Methanol,TB,0.25255150061142095,0.6303327744426317
35.252667885206556,5.49302276105764,E. coli,pBAD,IPTG,M9,0.6920445219841784,0.5669187400968196
35.30710697177662,4.07529834171774,P. pastoris,pET,Methanol,LB,0.6419202822486314,0.534552546081435
30.762724773645555,5.725493106604863,P. pastoris,pTrc,Methanol,TB,0.4152383417921185,0.678859915559468
25.76350644782791,2.274452202875077,P. pastoris,pTrc,IPTG,TB,0.3405976412218182,0.47796268422138843
25.936562768415236,7.229220836914258,P. pastoris,pET,IPTG,LB,0.47079824531147435,0.7091853823764425
32.34124654079407,7.840933815064382,E. coli,pBAD,Arabinose,M9,0.7294791982421532,0.6545064958214764
35.250874419193806,7.813267131714149,S. cerevisiae,pBAD,Arabinose,YPD,0.692364759574425,0.5403681644969719
35.080469212507,6.497910990457548,E. coli,pTrc,Arabinose,LB,0.6920725481062675,0.49919284391966556
33.257884279579606,2.780517440783792,E. coli,pET,Methanol,YPD,0.5476477120226602,0.2826731968682096
30.914537984622893,6.549579175574135,E. coli,pBAD,IPTG,YPD,0.5738800998544024,0.6557681397111227
21.43037940491583,2.147521498752809,P. pastoris,pBAD,Methanol,LB,0.16638690459517885,0.6757130158347378
22.747688139608435,2.1327413091739835,P. pastoris,pTrc,IPTG,M9,0.1261053009443452,0.6617448673927054
35.275421204960345,3.9416613148972477,P. pastoris,pBAD,Methanol,YPD,0.5706209946820389,0.4852605294416963
30.30929401421303,4.931859142427994,S. cerevisiae,pET,Arabinose,LB,0.29248319574164755,0.4660664364282167
20.156349877482704,6.622444506846759,E. coli,pTrc,Arabinose,TB,0.4885977786675515,0.8223529764236737
21.725016228722545,6.099772259639031,S. cerevisiae,pTrc,Arabinose,TB,0.3843725376955956,0.8703417145315472
31.27953007483695,4.67541623826049,P. pastoris,pET,Methanol,TB,0.44747716233459656,0.48082668088356406
20.086046925385716,3.641759997689995,S. cerevisiae,pTrc,IPTG,LB,0.34191999672870543,0.62482389117665
22.733736874097477,7.982747000946267,E. coli,pBAD,IPTG,TB,0.5028366211882821,1.0
29.328474419231966,4.557087813415838,E. coli,pBAD,Arabinose,YPD,0.5596998634384369,0.4927352438239789
31.762218360775783,4.708322145978053,P. pastoris,pET,Arabinose,TB,0.25911902532532927,0.5378025945725984
31.08334141154421,2.981742927150015,P. pastoris,pBAD,Arabinose,TB,0.32026617684380027,0.43463827588146076
23.81257826082952,6.768857292499576,S. cerevisiae,pET,Arabinose,YPD,0.4964514886414817,0.5611818052416736
32.10704676290811,6.162093354688932,P. pastoris,pET,IPTG,TB,0.35225035783321,0.6008085903590769
24.0332344874456,3.3246176767325624,P. pastoris,pBAD,Methanol,YPD,0.2642772626609669,0.559586589287937
25.53179486870755,2.494286273695056,E. coli,pET,Methanol,TB,0.3285370024065699,0.5600508809033207
32.69035388700641,6.082995812448279,P. pastoris,pBAD,Methanol,YPD,0.4839253736978701,0.7075482403127512
31.04375928380265,5.927067285686811,P. pastoris,pTrc,Methanol,TB,0.398219782569079,0.4021513736075951
34.436797978401025,3.6395571619892557,E. coli,pTrc,Arabinose,YPD,0.4681649342498644,0.33846989677915884
31.179419169105838,7.705181373502462,E. coli,pET,Arabinose,LB,0.7117431581977857,0.7096212630466344
29.661246256703016,2.9063473506854014,S. cerevisiae,pBAD,Arabinose,YPD,0.37931167308598873,0.18505484339092954
21.59247105307757,4.594008806255611,P. pastoris,pBAD,Methanol,TB,0.3092162846354104,0.9203278028925781
26.25116865201037,7.661695521005593,E. coli,pTrc,Arabinose,TB,0.6637302328558443,0.817706695480838
24.50844025058933,4.518363901556734,S. cerevisiae,pTrc,Arabinose,M9,0.47042995438223817,0.7212134068550883
24.14782393744442,5.8311556859845135,S. cerevisiae,pBAD,IPTG,YPD,0.397988219390033,0.6293091578029475
36.54117943079157,4.385566387776766,P. pastoris,pET,IPTG,LB,0.6346349427856808,0.3723853527498797
26.682661319334926,3.64529121409202,P. pastoris,pTrc,Arabinose,YPD,0.2076529455501735,0.5988096567975741
35.16479143801092,7.903865887758969,S. cerevisiae,pET,IPTG,YPD,0.7421809147477101,0.7455988010196146
30.72935664195347,4.456004037890258,E. coli,pET,IPTG,LB,0.601831623832133,0.6433841125903209
33.511792160208024,7.364595222074806,S. cerevisiae,pTrc,Arabinose,YPD,0.6263922984860382,0.5542092182082107
28.544830582788265,3.379727635346517,P. pastoris,pET,Arabinose,LB,0.3752411977408804,0.5830240444042954
29.807366038648105,3.2786282241505,E. coli,pET,Arabinose,LB,0.4024849864024027,0.5363602187446175
28.372800794920686,2.186804497307068,E. coli,pBAD,Arabinose,YPD,0.31638928512462383,0.6934323982133853
23.319130792566757,5.91000095225531,S. cerevisiae,pET,Methanol,YPD,0.5449665301624714,0.749128477454561
32.28168595944559,4.211158062342567,P. pastoris,pBAD,Methanol,TB,0.40785191969311985,0.5148514686847673
24.77313016149455,7.186149499037822,S. cerevisiae,pTrc,Arabinose,TB,0.4227673882389245,0.7059758979469625
20.413371429334717,4.839259440149343,S. cerevisiae,pTrc,IPTG,M9,0.17339569661684873,0.7491825279578664
30.973029030421852,7.80916056748833,S. cerevisiae,pBAD,Arabinose,M9,0.4230686622121303,0.5643814478543385
23.01088154991983,3.1131530942187267,E. coli,pTrc,Arabinose,YPD,0.36392160832725995,0.6761190631673001
35.98779593399954,7.211739007733665,E. coli,pET,IPTG,LB,0.7073496077090465,0.3785900748713157
36.216785809043984,6.65958111675045,P. pastoris,pET,Methanol,M9,0.5775012913563612,0.5140242208553334
35.55269463374762,6.625531067864312,P. pastoris,pET,Arabinose,YPD,0.5731493154894883,0.6291046708976641
26.292697904342553,7.068699368701326,S. cerevisiae,pTrc,Arabinose,M9,0.7155833115860758,0.7355434360271775
20.262762480990745,6.566143945657993,S. cerevisiae,pET,Methanol,LB,0.3058815189939402,0.7696082900697641
35.78141556399133,5.7573219297884926,S. cerevisiae,pTrc,Methanol,YPD,0.7486682237809412,0.381538818623573
27.279130521394343,2.7874692660943254,P. pastoris,pET,IPTG,LB,0.45360702080544774,0.6624197695953339
36.43313192374238,2.1951570769475115,E. coli,pBAD,Methanol,YPD,0.6570517400338112,0.13603708918557228
36.381539610517294,7.525087086894121,E. coli,pTrc,Methanol,M9,0.7356471061074085,0.4082164348256041
34.50116074294512,5.699901887124428,S. cerevisiae,pTrc,Methanol,TB,0.42708843221392423,0.33841448057146706
25.005631165182955,6.779223745857058,S. cerevisiae,pET,IPTG,M9,0.4799209490651418,0.7130521362976007
26.546661386232728,4.8891341090753,S. cerevisiae,pTrc,Methanol,M9,0.49836760888229104,0.4438363303972327
34.46932341578657,2.7038491337743666,S. cerevisiae,pTrc,Methanol,TB,0.6395107871758074,0.3781927466660542
25.38767408765672,2.751114753215303,P. pastoris,pBAD,IPTG,TB,0.15711525547564076,0.5069229015625643
22.881376693663572,6.113391723373828,E. coli,pBAD,Methanol,YPD,0.4468797536157929,0.8038288338885048
29.465621461791955,4.581835369396776,S. cerevisiae,pET,Methanol,YPD,0.34194158896148596,0.43746546823287363
35.91463116073328,3.2031483602020203,P. pastoris,pBAD,IPTG,LB,0.3917399209123095,0.365693539467728
31.83250654347454,4.949567280448621,S. cerevisiae,pET,Arabinose,LB,0.5587698959401427,0.2957083576518971
29.691039891519203,2.3852536224508043,S. cerevisiae,pET,IPTG,M9,0.29876249190580606,0.48099314881714517
21.652000394103066,5.4918284114863924,E. coli,pET,Methanol,TB,0.3454670515185385,0.6813420808625885
30.455122853885886,3.613960426610586,S. cerevisiae,pTrc,Methanol,LB,0.5026924767233761,0.315330262276367
36.830915451772476,6.785354603823129,E. coli,pBAD,Methanol,M9,0.7879831739883374,0.723520673668453
22.381428259020907,3.8621717535414426,E. coli,pET,IPTG,TB,0.422144720190327,0.7350439051328458
28.811604090183522,4.731320894490807,E. coli,pBAD,Methanol,YPD,0.46468805746869357,0.6670426132110132
34.915342222775244,2.069723239448604,P. pastoris,pET,Methanol,M9,0.530237368535057,0.38525322368443404
32.593066501821475,2.434681326767353,P. pastoris,pBAD,IPTG,YPD,0.3721265115220435,0.3667412693484404
31.849267596919553,4.354961338440109,E. coli,pBAD,Arabinose,LB,0.8122247757507964,0.3452264032873871
31.94222942778086,4.879633008302741,S. cerevisiae,pET,Arabinose,LB,0.5075862667780915,0.4218849235996508
26.11134957073584,5.600123288715823,E. coli,pTrc,Methanol,TB,0.27623240559507933,0.5786985562350464
24.991061352496388,3.7499754722558194,S. cerevisiae,pBAD,IPTG,M9,0.08954795612151871,0.4676837033888579
33.75913964313473,6.169891316759255,E. coli,pTrc,Methanol,YPD,0.7300528927937578,0.3636643771786557
33.77192770954608,7.160734383135227,S. cerevisiae,pTrc,IPTG,TB,0.7318895230761542,0.5358458435710801
34.74022941586176,6.679105933360098,P. pastoris,pET,IPTG,LB,0.47258245694855566,0.736309603071184
35.525089393460014,2.237712952090143,S. cerevisiae,pET,Arabinose,LB,0.6782867263113582,0.2892878851913335
28.69282078063594,4.883041683546974,E. coli,pET,Arabinose,M9,0.7013959144946863,0.5692052600989246
28.525777009682393,2.629581070509049,P. pastoris,pBAD,IPTG,YPD,0.326032898073094,0.5155031294557438
33.57101804243518,3.452270095175165,S. cerevisiae,pET,Methanol,M9,0.5267543625690596,0.031723155640223814
31.049386823222008,7.919975559602879,S. cerevisiae,pET,Arabinose,YPD,0.6679736141203286,0.5847349343262983
31.93343691338096,2.854973257409079,S. cerevisiae,pBAD,Methanol,YPD,0.6137936017580296,0.20497468804061217
33.52847538041372,4.993328920708136,S. cerevisiae,pBAD,Arabinose,M9,0.592237442931972,0.43373891173422624
35.13009081089863,5.708934405908715,S. cerevisiae,pET,Arabinose,TB,0.5949591428621069,0.39179610912115553
25.74591766647611,6.214789823264624,P. pastoris,pET,Methanol,M9,0.4437320106259585,0.6796435138028829
26.384910194879048,5.357892100921484,P. pastoris,pET,Arabinose,M9,0.41266779068005555,0.7204667977910492
21.597692977294773,2.0586250845151017,P. pastoris,pET,Arabinose,LB,0.2554838788351474,0.666511338931048
29.830762396934958,3.9587678494639515,P. pastoris,pTrc,Methanol,LB,0.21429254568749478,0.70995427109444
20.611018654544615,5.106269860308268,E. coli,pTrc,Arabinose,M9,0.4290190323280184,0.8538131541423775
27.915166308251823,2.527198994869,P. pastoris,pET,Arabinose,M9,0.3369334328462273,0.5510130648247769
29.2249587900288,4.103761587255084,S. cerevisiae,pTrc,Arabinose,LB,0.4094762576440802,0.381581993075965
24.871201286180835,2.1992186527481996,S. cerevisiae,pBAD,Methanol,YPD,0.3543593436406208,0.37612579257969275
30.044165429673182,2.4714709829301245,P. pastoris,pTrc,IPTG,M9,0.5203916886475162,0.5361071569159344
20.51850424896384,4.381539657209577,S. cerevisiae,pTrc,Methanol,TB,0.2850643893828855,0.6793264639951108
20.634919208736644,2.796294524258362,P. pastoris,pET,IPTG,TB,0.23966964727027612,0.7417314808630077
33.98420953121419,5.405245089569349,S. cerevisiae,pTrc,Arabinose,TB,0.7074738282360111,0.5293359749483724
26.12324090399147,6.136789814823595,E. coli,pTrc,IPTG,M9,0.5462844111150074,0.5513636622729523
22.160028715082042,6.803520194654498,E. coli,pTrc,Methanol,YPD,0.3921618261146328,0.9750216365650823
28.878135420931674,3.200901465468861,P. pastoris,pTrc,Methanol,YPD,0.3924234863455447,0.6385311947069188
33.08989040267639,3.0048954935544185,P. pastoris,pBAD,Arabinose,LB,0.17650200685694906,0.2212882291287626
23.668957467446333,2.6274070420064017,P. pastoris,pET,IPTG,M9,0.0,0.8741624438442953
30.589138088923004,5.81858149726182,S. cerevisiae,pET,Arabinose,YPD,0.5324174385839802,0.5647300154371252
21.450906904894055,6.238854358921407,P. pastoris,pBAD,Arabinose,M9,0.06354658033129185,0.8230307393012165
20.87858925986633,2.1895168689538522,E. coli,pTrc,Methanol,LB,0.17106187574376758,0.6824969321162538
29.033028736658515,7.617273477462139,S. cerevisiae,pBAD,IPTG,LB,0.4932448910464271,0.5613455085966887
29.19079706737181,2.3118277019088342,P. pastoris,pTrc,IPTG,LB,0.23313350055195364,0.5430311934352218
30.83630832546951,5.247778011806423,S. cerevisiae,pBAD,IPTG,TB,0.46909330805603167,0.416773218567435
32.343552673285245,6.254363116705498,S. cerevisiae,pET,IPTG,M9,0.6570256005382182,0.7173167890555616
36.589485350863086,7.225814742476514,P. pastoris,pET,Arabinose,LB,0.6270794412133814,0.5663744060382224
28.77710592112032,6.284521592794567,S. cerevisiae,pET,Arabinose,M9,0.39750853984348894,0.6649392412624746
25.490260040001182,6.810368498418751,E. coli,pTrc,Methanol,TB,0.6780557876546199,0.6744012328483058
33.51816531106796,4.036701155256837,E. coli,pTrc,Arabinose,TB,0.44683124209232017,0.5046572835286716
24.604148271455262,6.888950682479074,S. cerevisiae,pBAD,Arabinose,LB,0.4506203536675268,0.7280085734192253
27.462514151995812,2.4806890783080506,P. pastoris,pBAD,Methanol,LB,0.12541407210575078,0.394215898164074
21.33375848281852,7.3688999363631655,S. cerevisiae,pET,Methanol,YPD,0.41159353692493444,0.8074732780539199
20.430962638062777,5.285554256922417,E. coli,pTrc,Methanol,M9,0.3678116119194872,0.9934784731312902
36.36502304952472,6.903786619774962,S. cerevisiae,pBAD,Arabinose,LB,0.7474008953145815,0.5364430856792566
34.211662048707495,4.713909707109801,S. cerevisiae,pTrc,Arabinose,YPD,0.5988957581651686,0.3511747757084508
31.831561503592866,5.86146617117915,E. coli,pTrc,Methanol,M9,0.5631251776694403,0.365019413248228
26.95220005504259,5.15841596561668,S. cerevisiae,pET,Methanol,LB,0.333219422521104,0.5009996077548429
22.94600344120438,6.389537130531991,S. cerevisiae,pET,Methanol,YPD,0.35009737289300524,0.6008471634130119
22.65942972540846,2.4897798921835372,P. pastoris,pTrc,Arabinose,YPD,0.3848881306321262,0.4653852196653997
24.25412926879812,2.362112503943383,P. pastoris,pTrc,Arabinose,M9,0.3831077784714358,0.6877154263602647
29.336853300004048,3.4826194040608787,E. coli,pTrc,IPTG,YPD,0.40020783513985625,0.4998575811127224
32.14813068590106,2.95726808067913,E. coli,pTrc,Arabinose,M9,0.6110787449287753,0.5818862023050876
31.22335540420143,7.23070139955321,E. coli,pET,Arabinose,M9,0.4828724365309234,0.5374068610077267
24.75887624808103,3.315283924148266,P. pastoris,pBAD,Arabinose,M9,0.21561938819950122,0.6440871580914309
36.2327097712743,7.855191534914788,E. coli,pET,Methanol,TB,0.6742203546639781,0.4092806680698425
32.54424758382807,4.0213747506266415,E. coli,pBAD,Arabinose,YPD,0.6810828988968924,0.3839453565652892
29.424018892693812,3.0927074941321955,E. coli,pTrc,Methanol,M9,0.356101945001421,0.449136743472545
30.39925268598399,6.738191042854875,P. pastoris,pBAD,IPTG,LB,0.5196938355671299,0.6452977646164162
27.13320106127243,5.952246653005257,S. cerevisiae,pET,IPTG,TB,0.4418297474935492,0.626833016025423
24.211426821519677,4.989174298718834,E. coli,pET,Methanol,TB,0.43961887145090506,0.7908628459134888
26.051535537071448,5.332181305625787,S. cerevisiae,pTrc,Methanol,YPD,0.570331509195681,0.7036659623863777
32.883383877894275,6.315210669633583,E. coli,pET,Methanol,M9,0.8339644348095174,0.4745050044718864
20.24468930670585,3.3707284479877924,S. cerevisiae,pTrc,Arabinose,YPD,0.21766316828089083,0.6518070156116079
21.973234888617576,7.978003496340452,P. pastoris,pET,IPTG,TB,0.3330986608568403,1.0
20.7820449143698,7.848758972880699,P. pastoris,pET,Methanol,M9,0.19037258813411717,1.0
20.692389639422494,5.901954118081621,E. coli,pTrc,Arabinose,LB,0.42492926976656664,0.7555212291643529
34.542829928187125,3.1972547055748706,S. cerevisiae,pBAD,IPTG,M9,0.6781688343505164,0.3766273851483543
31.962183609460403,6.0813694545877475,P. pastoris,pET,Arabinose,TB,0.46911120181960947,0.6462758598122093
28.060955094484527,2.433190453875055,E. coli,pBAD,IPTG,LB,0.5134461496748126,0.36260901013199354
21.663180731067026,2.183915013234836,E. coli,pET,Arabinose,M9,0.1765378448256028,0.6920012067527672
28.35746987698615,3.546097331067282,P. pastoris,pET,IPTG,LB,0.28874115952733675,0.5855005369564618
28.04902010326962,4.775737740435898,P. pastoris,pET,IPTG,LB,0.41516253758786614,0.4631997411103478
22.944431788470258,7.209635032450283,E. coli,pET,Arabinose,TB,0.5201407265440245,0.8053582865600831
27.375478037045543,6.363014418597848,S. cerevisiae,pBAD,Methanol,LB,0.5431166269067955,0.6404976612187946
26.774580484755347,6.456239127199886,S. cerevisiae,pBAD,IPTG,YPD,0.39150388128404007,0.5940661831970306
30.46945166688768,4.552960006688452,S. cerevisiae,pET,Methanol,TB,0.27749376679837634,0.595388258085826
30.796592064749944,4.075609955281777,E. coli,pET,Arabinose,YPD,0.6571122988059713,0.6170424183372465
20.77016816612476,4.226232577907616,P. pastoris,pBAD,Methanol,LB,0.12589670080149606,0.746934810103474
26.36841444865001,7.925897382416347,E. coli,pTrc,Methanol,YPD,0.6456578527504532,0.7398338888874945
30.63961856714202,2.240655148474895,P. pastoris,pTrc,Methanol,M9,0.3748478386414044,0.43611909769452306
28.553316395861494,7.202188976734691,S. cerevisiae,pBAD,Methanol,LB,0.3411915091727342,0.6306074522294307
34.56032730020148,5.472052451434361,S. cerevisiae,pET,Methanol,M9,0.6637550096579492,0.35964635941008183
31.197791737522067,4.6316925151375425,P. pastoris,pET,IPTG,YPD,0.36254462559638817,0.18113887333285014
22.769885260384306,6.351545962490819,P. pastoris,pTrc,IPTG,M9,0.33303848938172353,1.0
21.19966870580731,4.920013648548217,E. coli,pTrc,IPTG,LB,0.36521311994779926,0.760719956734179
30.921127729507365,7.240539428489964,S. cerevisiae,pBAD,Arabinose,M9,0.7163091464315344,0.5782407498557918
20.45069227920757,7.404211184067551,E. coli,pTrc,Methanol,YPD,0.6071757013874903,0.9375540134123674
29.958184881648876,4.5303255612407325,E. coli,pBAD,IPTG,YPD,0.36133500883396985,0.5237196798269271
35.98391410422428,3.6609667834103092,E. coli,pTrc,Arabinose,YPD,0.8502664952443302,0.3002518110258154
29.783061023889942,5.554101971560174,S. cerevisiae,pTrc,IPTG,LB,0.40710219945331877,0.43593041527344645
26.598888745510873,7.474180073700146,E. coli,pTrc,IPTG,YPD,0.7956182427334518,0.5748292692205146
30.935899713520005,3.2639731340339995,E. coli,pET,Methanol,LB,0.49319167879637194,0.30686712956946466
27.790299138355785,5.737799501380897,E. coli,pET,Arabinose,M9,0.5118412725713245,0.5315527168850298
29.27548541837089,5.789361320555123,E. coli,pET,Methanol,YPD,0.5494711348448054,0.6780374163443291
36.004901749200926,6.398678134491686,E. coli,pTrc,Methanol,M9,0.6743282206094817,0.5557878026978955
26.56374484261316,2.789406110763559,E. coli,pBAD,IPTG,TB,0.6799806528481053,0.4351028506625743
36.34023958500654,6.294949788092532,S. cerevisiae,pBAD,Methanol,M9,0.6095521131555299,0.14878352013432022
35.39096091325308,7.454195123993846,E. coli,pBAD,Arabinose,TB,0.7088418490571379,0.5513963438366438
23.32844929141804,3.078098653221452,P. pastoris,pBAD,Methanol,M9,0.23508315509583083,0.6236671701699588
21.179142114877813,3.425259949543266,E. coli,pET,Methanol,LB,0.25308826734941636,0.6400737649229886
21.713226023416254,7.828370564249838,E. coli,pET,Methanol,M9,0.6695258276639472,0.9929230923444471
20.309771036076345,3.0858617162569386,S. cerevisiae,pTrc,IPTG,LB,0.07534985243091243,0.6529493371031471
21.605530332850783,7.126310560217474,S. cerevisiae,pTrc,Arabinose,LB,0.3208431842503501,0.7138500696570966
31.611115148078067,4.953667138688209,P. pastoris,pBAD,IPTG,YPD,0.5324427517300218,0.44146954969677477
21.21020702382389,3.483386446419062,P. pastoris,pET,IPTG,LB,0.20749461745213887,0.7109119386697386
25.422585714993943,7.224499407635069,S. cerevisiae,pBAD,IPTG,TB,0.5095184609217736,0.6348140977152436
34.36288028648073,4.671831530015993,S. cerevisiae,pTrc,IPTG,YPD,0.6821683626813548,0.376532776208026
20.39562290750904,5.088904123578141,E. coli,pTrc,IPTG,YPD,0.49402655046525057,0.892538653760652
33.845964204011906,4.155400216398594,S. cerevisiae,pBAD,Arabinose,M9,0.5147367007156896,0.23004284279955756
24.7915311711478,5.557705108609564,P. pastoris,pTrc,Methanol,LB,0.5476385235998562,0.766190154127493
22.008802069568155,2.9811432355101366,E. coli,pBAD,IPTG,LB,0.28713574748649173,0.7358458776900211
31.844531811190564,4.3464892199105645,P. pastoris,pET,IPTG,TB,0.4115231977367403,0.5187449520471988
30.692028395258028,7.816473934011725,E. coli,pBAD,Arabinose,M9,0.6647793673184695,0.7542167252111907
34.9170242299599,3.5488005962067652,S. cerevisiae,pET,Arabinose,M9,0.48919510110979286,0.28454095116551587
32.49620774466606,5.940419987247753,P. pastoris,pET,Methanol,YPD,0.37896747772250444,0.6101147047295377
33.65917581654243,3.951140385348169,E. coli,pTrc,Arabinose,YPD,0.4308426113652509,0.45883567633701366
24.79458773371221,6.640838754119604,E. coli,pTrc,Methanol,YPD,0.565376993951286,0.7041243692827018
23.016472244255286,2.785241964310099,S. cerevisiae,pTrc,IPTG,TB,0.19797315998548867,0.760976782049214
32.76045077789459,7.818926270471268,S. cerevisiae,pBAD,IPTG,TB,0.7973075334356967,0.6403582857361779
33.71619056754349,4.7227372483018355,S. cerevisiae,pBAD,Methanol,YPD,0.5103156388610153,0.5340832237219115
36.83858741401144,3.4163027800787837,P. pastoris,pTrc,Arabinose,M9,0.4539159048573285,0.46974966607097346
27.01450050749425,2.440980483980076,E. coli,pBAD,Methanol,TB,0.5319658645680256,0.5293304396395934
26.324307458477314,3.0185474305252447,S. cerevisiae,pTrc,Arabinose,M9,0.3692517449856858,0.6324864849825068
33.19902033261395,5.118643691336106,P. pastoris,pBAD,IPTG,M9,0.4540311814583278,0.5533874327540969
25.793660184301302,4.022019058587718,P. pastoris,pET,Arabinose,LB,0.23830602230755565,0.5814315827841052
35.8228745352606,6.973300195295657,P. pastoris,pET,Methanol,YPD,0.95,0.5672712961346184
34.5930167813312,4.585325141970836,S. cerevisiae,pTrc,Methanol,LB,0.5651412880776824,0.27192116647164516
27.292898465375313,3.4922856355257794,S. cerevisiae,pBAD,IPTG,YPD,0.47128976627862873,0.279592525337235
32.76480815245546,5.70286991962418,E. coli,pBAD,Arabinose,YPD,0.5304289874549041,0.43783336080412694
32.8272288594396,6.240663301312675,E. coli,pET,Arabinose,M9,0.5945374598703663,0.5575062212821617
21.753105770210855,3.0022514474056994,S. cerevisiae,pET,Arabinose,YPD,0.4598818721407829,0.7079204896646214
35.34339941355263,3.005715297729906,P. pastoris,pTrc,IPTG,M9,0.5798339882042881,0.28916723665495137
28.589290331613572,2.220028561601258,P. pastoris,pET,Arabinose,M9,0.3383215395560899,0.5998088190046305
34.04977692383161,6.4184120903938435,P. pastoris,pTrc,Methanol,YPD,0.4921119791247242,0.4571231377684256
25.4408432175204,5.98282716573083,E. coli,pET,Arabinose,M9,0.4890279812641406,0.6200649806553084
35.22389488443541,4.847785254498883,P. pastoris,pET,IPTG,M9,0.4304614332336713,0.6192656688611936
26.616428538480772,7.065022693815183,E. coli,pBAD,Arabinose,M9,0.45323914951475286,0.7450131693787739
20.18424007516507,6.834020917700319,E. coli,pET,Arabinose,TB,0.5408984150962013,0.8643896981356055
35.391493599127486,5.512126186380513,P. pastoris,pET,Methanol,M9,0.5784067551379597,0.5258166279729773
21.55187350536427,7.209627683079551,P. pastoris,pTrc,Arabinose,TB,0.4089413068052077,0.7960213951381243
25.428331839037053,3.2350472602206093,S. cerevisiae,pET,Methanol,TB,0.2859889093023611,0.49070412844132905
36.15105343986369,2.6715177163863673,S. cerevisiae,pTrc,Methanol,M9,0.5177961517891696,0.23999788962056334
36.160321497938455,3.618497669101938,P. pastoris,pET,IPTG,M9,0.4304166446139557,0.5124644922100352
29.748444098095863,2.342521136535889,E. coli,pET,Methanol,TB,0.3935028097362029,0.25641005761081953
30.741232606886587,5.187017168006192,E. coli,pTrc,Methanol,TB,0.7485127847554346,0.7253142080294218
27.623573873631436,7.619634153769769,E. coli,pBAD,IPTG,M9,0.618844825681769,0.7316281227975794
24.984583118867096,2.236061244011058,E. coli,pTrc,Methanol,M9,0.42969218707949697,0.42152264500054665
25.58729727128857,2.732659484060161,E. coli,pTrc,IPTG,YPD,0.4902637871544633,0.41395509780535966
31.432813753309652,4.7131941697006114,S. cerevisiae,pTrc,Arabinose,TB,0.49017737350399193,0.48362821103689063
32.79036700044056,7.6032501051674295,P. pastoris,pBAD,IPTG,TB,0.5723334338775562,0.5334356946797965
33.45684374333943,3.896936629860503,S. cerevisiae,pET,Methanol,YPD,0.3755755444052829,0.3093745859138337
33.423508427507414,5.043408852130355,E. coli,pTrc,IPTG,TB,0.5327755166447827,0.44979628699624075
21.550503751827737,2.2494371543023526,E. coli,pTrc,Methanol,LB,0.22211729952019188,0.7328640433928196
28.405145179943887,2.890059205772533,E. coli,pBAD,Arabinose,TB,0.5225015211183905,0.5890325936177158
20.978498920282952,7.919780737753081,E. coli,pTrc,IPTG,YPD,0.5054885600997013,0.8528878970998168
29.341990999503505,7.790712178616273,P. pastoris,pET,Arabinose,LB,0.40251381478228315,0.7403555548034014
27.506018523347407,2.029639885606458,E. coli,pBAD,Methanol,M9,0.47498477273861395,0.3016788418518089
35.0909711068911,7.710870712539434,P. pastoris,pET,Methanol,YPD,0.6474872254018812,0.41378707030945683
25.965555213385336,5.834719626893002,E. coli,pET,Arabinose,YPD,0.44687334485338304,0.568625625692185
21.9901392792693,7.207509767120133,P. pastoris,pBAD,IPTG,M9,0.33958183139670745,1.0
22.43085859489821,4.728439133803155,S. cerevisiae,pTrc,IPTG,YPD,0.37206072696651454,0.7507095880366021
32.94568073919703,5.093576171475501,E. coli,pET,Methanol,TB,0.5297640191841312,0.5279987176692489
30.509707076376436,4.933079481541521,P. pastoris,pET,Arabinose,M9,0.4747505544712755,0.4412310993309291
21.719085494087434,6.001185545276626,S. cerevisiae,pET,Arabinose,YPD,0.3773614244553379,0.6809235823929386
21.429815703954958,2.8379075285378774,E. coli,pET,IPTG,M9,0.23457830035095972,0.5625445770279652
31.91647523480504,2.179841539236068,E. coli,pBAD,IPTG,M9,0.5222235444573861,0.34902851935480744
21.23697110819129,3.8475796495471455,E. coli,pBAD,IPTG,M9,0.40284984330316587,0.6821510379179101
33.97162100793606,6.22808457641988,P. pastoris,pET,Arabinose,LB,0.45964952595766123,0.4705095638668062
32.006117861660435,3.2111207127376904,P. pastoris,pTrc,IPTG,YPD,0.3310984736138463,0.501468115360304
21.382929270912296,6.040594599949504,S. cerevisiae,pET,IPTG,LB,0.24055125160150695,0.7863705067602098
21.442241139448264,7.819472276643623,P. pastoris,pTrc,Methanol,YPD,0.3079058616375278,0.8780226190495337
36.77287283451999,2.56340429473651,P. pastoris,pET,IPTG,TB,0.4482150367070379,0.35026962993395305
26.362603527854045,6.035612709350758,E. coli,pTrc,IPTG,TB,0.47588539940976593,0.808082407251082
26.300916500137145,4.662501315827427,E. coli,pET,Arabinose,TB,0.333693500502977,0.770722143599098
33.817592643377544,7.208853526265032,E. coli,pTrc,Arabinose,YPD,0.6335831878365248,0.6253604202408625
36.1032258155256,3.0628987366843154,E. coli,pET,Methanol,M9,0.5621981790629615,0.35751749799376886
36.76201808498881,6.155755713356987,E. coli,pET,IPTG,M9,0.8025232610266797,0.4275186383530084
32.80742914940201,7.0286917378886615,E. coli,pTrc,Methanol,LB,0.7390481890198154,0.6950210653570101
26.396412954025568,7.667685316844139,E. coli,pBAD,Arabinose,LB,0.6707352082674981,0.6674174293782118
21.41951218387737,6.099488169737874,S. cerevisiae,pTrc,Methanol,TB,0.2703719271814957,0.8579675566866934
33.211497570766426,4.983048584050564,S. cerevisiae,pBAD,Arabinose,LB,0.531690519450401,0.3979705157212607
29.492872245508686,5.707083441207283,S. cerevisiae,pET,Methanol,YPD,0.23100112930480085,0.7038936169701461
27.211774157198597,7.213429906872309,S. cerevisiae,pTrc,Methanol,YPD,0.5288703421515191,0.7431718876460747
35.40802454661051,5.423658479832978,E. coli,pTrc,IPTG,LB,0.7329980577869799,0.440180593497135
21.890357199204573,2.182322358181021,S. cerevisiae,pTrc,Methanol,LB,0.18607965107314967,0.5313307479027122
28.374626772944605,7.585692173041867,E. coli,pBAD,IPTG,LB,0.6486311113531712,0.7779469177751377
20.193011961046125,6.137160506189367,S. cerevisiae,pBAD,IPTG,LB,0.1714915287481446,0.8448500379130081
27.967230913900146,6.059080314663479,P. pastoris,pET,IPTG,TB,0.32936181781021945,0.6665002453537854
20.957155686591236,3.294050914386303,S. cerevisiae,pBAD,IPTG,TB,0.319593683499849,0.64330678566462
22.019904576557224,5.953312821395944,S. cerevisiae,pBAD,Methanol,LB,0.40232479524630965,0.8344499530011241
21.997946195210783,4.363186433924951,E. coli,pET,Arabinose,YPD,0.35528172427107185,0.5750660939247582
31.03657513597308,5.907397862248953,S. cerevisiae,pTrc,Arabinose,TB,0.591648967442589,0.5995910864809469
32.682762947512195,2.6395581818479443,P. pastoris,pTrc,Arabinose,YPD,0.3931107215532124,0.47377307922961653
29.917269006651715,5.947071827618216,E. coli,pET,Methanol,M9,0.5402806324253289,0.7250664972900838
36.356933324067214,7.996482354624,E. coli,pTrc,IPTG,YPD,0.7563446529535912,0.482317706869832
26.37279985190297,2.289272233163336,S. cerevisiae,pBAD,Arabinose,LB,0.2590324275288356,0.45432940598522453
24.857105466791634,7.863045105327904,E. coli,pET,Methanol,M9,0.44603467421794774,0.8434612004755773
34.76618517922083,4.441447764337224,E. coli,pET,IPTG,TB,0.7536986622533985,0.4875146054281493
23.801129254830695,7.224520702023555,E. coli,pET,Arabinose,TB,0.4678900584073795,0.8590084281113735
36.37478317049039,6.6943129043496405,E. coli,pTrc,IPTG,M9,0.6473065712957063,0.3626902099326697
20.206626069726877,5.402097565920007,E. coli,pET,Arabinose,YPD,0.2455507757244937,0.8383615854219835
36.48794005402986,6.430695255507959,E. coli,pET,Arabinose,TB,0.4584335490848318,0.6756965198662959
20.733718503159793,7.271093367808088,P. pastoris,pET,Arabinose,LB,0.39294813036027504,1.0
35.14943293286721,4.424841929906198,S. cerevisiae,pTrc,IPTG,M9,0.6132316844629342,0.5187522484129838
28.970918854467097,3.962198969379432,P. pastoris,pBAD,Methanol,LB,0.47794307232725924,0.6824076682302823
36.88040153402811,6.005560313381508,E. coli,pET,IPTG,M9,0.7021025382411028,0.5796506786491455
21.25454160050178,6.847075651647551,E. coli,pBAD,Arabinose,TB,0.434669092681239,0.8885632512827243
29.415522834822454,6.573710808659694,S. cerevisiae,pTrc,IPTG,YPD,0.45207153590375976,0.6513857202464327
36.47814310552468,6.786881893151807,P. pastoris,pTrc,Methanol,M9,0.5442242558014942,0.5665924521894306
28.89266335089253,4.613499888877598,S. cerevisiae,pTrc,IPTG,M9,0.5410669493051667,0.5119352650761246
30.699776848299464,6.90700529705013,P. pastoris,pTrc,Methanol,LB,0.4847189335400139,0.7599906117763744
31.827727712738493,2.7212543322236504,E. coli,pBAD,Methanol,TB,0.554829173457824,0.3425950769196481
27.727198101052146,5.266934587765097,S. cerevisiae,pET,IPTG,LB,0.38467554771338747,0.763730775727428
30.66848736142908,2.034551962988729,S. cerevisiae,pTrc,Arabinose,TB,0.5062282232798525,0.2441429567690197
29.933343302692705,3.947514979401622,E. coli,pTrc,Methanol,LB,0.33196138239725803,0.5851863008793122
35.319686178346814,4.198769209228387,S. cerevisiae,pBAD,IPTG,M9,0.405392256882868,0.47690734314652705
20.772588465804784,4.377036149655533,P. pastoris,pBAD,Methanol,LB,0.26380951760789845,0.7754116752363935
24.776374223067915,6.172803240139173,P. pastoris,pTrc,Arabinose,YPD,0.5338756544125033,0.675936743042833
36.1569952293015,4.331348607622075,P. pastoris,pET,IPTG,TB,0.4752224910391822,0.5410079146451208
35.134484326145575,4.6921617357351835,P. pastoris,pET,IPTG,TB,0.4068549237880436,0.48712449426609383
27.74616479735712,3.4252647852459646,E. coli,pTrc,IPTG,M9,0.5686538368082364,0.6110997862902567
30.542254162626122,4.2395107497760405,S. cerevisiae,pBAD,Arabinose,TB,0.47752255141100763,0.44204395740387886
24.715480110679255,3.363617763578909,P. pastoris,pTrc,Methanol,YPD,0.39182679614768423,0.8235085461220298
23.19805971530394,2.439175542610662,E. coli,pTrc,IPTG,LB,0.22327333598363094,0.37236682967389034
27.882872883979697,5.620691560288267,S. cerevisiae,pBAD,Methanol,M9,0.5662374640619803,0.6248513075892621
26.0069878764429,6.009276791330097,S. cerevisiae,pTrc,Methanol,YPD,0.26734891815857775,0.7872967796114938
29.922153901464824,5.716942076057687,E. coli,pTrc,Arabinose,TB,0.554429722471702,0.6035787660567202
21.321488828404743,4.780964262803434,E. coli,pTrc,IPTG,TB,0.4405109221597566,0.7813904846768491
36.56471173032483,4.278714681075379,P. pastoris,pBAD,Methanol,YPD,0.5222026959325926,0.36734800308050264
36.76558265615325,7.180001897430952,S. cerevisiae,pET,IPTG,LB,0.7616420479106262,0.45584876962375537
31.868749138335666,5.114490710817308,S. cerevisiae,pET,IPTG,LB,0.313566668257038,0.29625855144668256
29.113638227850046,4.875091265778385,E. coli,pBAD,Arabinose,M9,0.5550234809711223,0.49660495664479404
25.26196947686757,2.153852394838614,S. cerevisiae,pET,IPTG,TB,0.40172240788035873,0.3935806776396375
33.834515335018125,4.047486965756939,P. pastoris,pTrc,IPTG,YPD,0.45301245279150476,0.5327022108364432
31.64042993341595,4.281173712715143,S. cerevisiae,pET,Methanol,LB,0.35052929112969305,0.3710824691138838
22.76448796886315,4.392936685381403,E. coli,pTrc,Arabinose,M9,0.5131763081836751,0.6415552024557428
35.48576213639532,5.4810342153639935,E. coli,pET,IPTG,TB,0.6092332754989236,0.4097802766544963
33.98313312969387,5.2016152803612705,P. pastoris,pBAD,Methanol,TB,0.4053094356104151,0.44386583322238327
36.14659852596271,5.647430556760668,P. pastoris,pET,Arabinose,M9,0.4461397178074904,0.5180783578759451
32.33723164260212,6.58929956925277,S. cerevisiae,pET,Arabinose,M9,0.5358180376996449,0.5678037292903649
30.428058330908428,6.877914432296561,S. cerevisiae,pET,Methanol,LB,0.5500515382559779,0.6734034082456104
27.11013161694052,6.308738457358967,E. coli,pBAD,Methanol,YPD,0.4252619441495642,0.7562559244137048
35.856384217018224,7.733142175729608,P. pastoris,pET,Methanol,TB,0.49967911083210864,0.659587528097129
34.72308612150694,2.10939549605817,P. pastoris,pBAD,Methanol,YPD,0.3275686951601901,0.3119270664758892
20.768717391805218,3.174667914101277,P. pastoris,pTrc,Methanol,TB,0.08859493074783335,0.6925524979933001
20.448238566453284,2.045377249868853,S. cerevisiae,pET,IPTG,TB,0.19498519223350572,0.49441603060042266
26.399877236926844,5.884848284927618,P. pastoris,pBAD,IPTG,YPD,0.41288523500020585,0.6452742707424755
33.77940662329116,7.388183293699921,E. coli,pBAD,Arabinose,M9,0.7310214954535761,0.6052987458999742
36.783694198354056,3.4608937794577956,E. coli,pET,IPTG,LB,0.6525591584233921,0.24168312777104994
22.55708714875998,7.56220726877784,S. cerevisiae,pTrc,IPTG,TB,0.5830558548552288,0.9612599813540892
30.1002221609863,2.3616043417373653,S. cerevisiae,pBAD,IPTG,M9,0.41656790421582063,0.3646390320573819
26.475144562727365,7.606616160833086,P. pastoris,pET,Methanol,TB,0.5148092414669418,0.973341514856013
36.48854476284825,4.1097361234378065,S. cerevisiae,pTrc,Arabinose,LB,0.5045462237110377,0.3626302401704822
34.31602169330705,2.6085249706952993,E. coli,pBAD,Arabinose,TB,0.6524662815859257,0.2514855589425579
34.25158798008934,4.915230555117954,P. pastoris,pBAD,Arabinose,LB,0.43698656294359045,0.49258583269677236
27.967783716514496,3.540659406323048,E. coli,pTrc,Arabinose,LB,0.5170190589676888,0.35938230903220925
27.05193153974031,3.7092374117715368,P. pastoris,pTrc,IPTG,TB,0.17645737553108187,0.6288840415725169
24.647920222822005,3.8437397895577194,S. cerevisiae,pET,IPTG,TB,0.343342792696181,0.5042021738952897
20.95838344306576,6.818155386995981,P. pastoris,pET,Methanol,LB,0.21248186831235116,0.7997601855560983
34.700280396335906,5.234967660051527,P. pastoris,pBAD,Arabinose,M9,0.5968589274842759,0.6588090255383172
33.81931715521132,3.867846194936022,E. coli,pTrc,IPTG,YPD,0.6791082054468945,0.5106230022423752
36.99520044586422,5.662002699865511,E. coli,pTrc,IPTG,LB,0.6605387404518412,0.5230264701271878
36.94282623025639,6.296904045339161,P. pastoris,pTrc,Methanol,TB,0.784899420662772,0.5840688428450893
29.44233899524467,3.635744004401203,S. cerevisiae,pBAD,Methanol,TB,0.3761044320157565,0.32349910993327846
33.07278605806868,4.481294609152109,S. cerevisiae,pTrc,Methanol,M9,0.33537073924132954,0.3643792880599203
36.06101740800128,2.7313165600216855,E. coli,pTrc,IPTG,YPD,0.5137765436055552,0.26046801003700804
34.44400564151599,3.086896097208082,S. cerevisiae,pBAD,IPTG,LB,0.3701940502712053,0.12809426381433492
24.20491772963436,6.086707123789897,E. coli,pET,Methanol,LB,0.532439765393472,0.6916137959059822
27.65925030027159,3.0886300861737617,S. cerevisiae,pET,Arabinose,YPD,0.2301216455356471,0.40818732688896187
22.195710057575415,5.1509803020023615,P. pastoris,pBAD,Methanol,LB,0.2224520602957965,0.8113998327611349
36.21886746339828,6.254277570334596,E. coli,pTrc,Methanol,YPD,0.7454735409576136,0.7267519691279072
30.30496878566496,2.641261538568463,E. coli,pBAD,Methanol,TB,0.5008559717611741,0.4256216667139484
23.886927693558867,5.403873317773421,P. pastoris,pET,Methanol,YPD,0.31422050951374,0.7839099834374809
31.418911634899565,3.5393767022081826,E. coli,pET,IPTG,LB,0.549631099690635,0.42132421587172214
30.50818008778423,7.777561251425479,S. cerevisiae,pBAD,Arabinose,YPD,0.5258772523714315,0.7082680049569169
26.08876620655829,4.901273880319549,S. cerevisiae,pBAD,Methanol,M9,0.22595176079949222,0.48407421035618414
21.930479067393694,6.835955298650949,E. coli,pET,Arabinose,TB,0.4387796285221742,1.0
31.416744325077595,5.301359252937571,S. cerevisiae,pBAD,Arabinose,TB,0.5434559236188545,0.4735396003410162
28.845230915364485,2.260475197128915,E. coli,pET,Arabinose,YPD,0.43423757144315656,0.4031791746380718
33.12941265950587,5.798908253564134,P. pastoris,pBAD,Methanol,LB,0.5328978969003403,0.6689008429457326
28.84277951890389,7.7084200532399425,E. coli,pBAD,IPTG,M9,0.5720642222787882,0.6292908446062769
34.48708550541518,5.609670920877987,P. pastoris,pBAD,Methanol,TB,0.6115507600329981,0.6014516061172698
29.382416259166256,6.915133156560741,S. cerevisiae,pET,Arabinose,TB,0.2562230388613381,0.7591071192225415
29.535945516101567,7.305238780090447,P. pastoris,pBAD,Arabinose,LB,0.49433845949992344,0.7081928420707647
34.903111245191866,3.368478631693595,S. cerevisiae,pET,IPTG,LB,0.6293468073229913,0.5131290266028139
26.85920872561075,3.27226903944936,E. coli,pET,Methanol,M9,0.5978717709696375,0.6073637291226103
22.278258883660893,5.66588593310595,S. cerevisiae,pBAD,Arabinose,YPD,0.3222652523025437,0.7893863640005392
20.48930549732676,4.4661708188402285,E. coli,pBAD,IPTG,LB,0.23960246424994172,0.8931791712137964
32.83733334645152,7.0391678172003225,E. coli,pET,Arabinose,YPD,0.8178140063099076,0.7558118482238059
30.5452623730089,7.400138740388067,P. pastoris,pET,IPTG,M9,0.495997825773198,0.7399611975177117
31.969356057686802,4.120528275816309,P. pastoris,pTrc,IPTG,YPD,0.40022495218651044,0.5938926320395732
23.620390745651484,3.4212233538468926,P. pastoris,pET,Methanol,TB,0.15394629595811038,0.8185261412593569
22.318315084975087,6.683153091463171,P. pastoris,pTrc,Arabinose,YPD,0.20445669614445344,0.7555447514051908
20.247259316353993,3.6488362132888166,S. cerevisiae,pTrc,Methanol,M9,0.2985417415420577,0.4934753245136559
25.959988499712146,6.9356859110820706,S. cerevisiae,pTrc,Arabinose,M9,0.521550242806725,0.6934521853962512
30.02860067652876,4.542429521892577,S. cerevisiae,pBAD,Methanol,M9,0.46623703750934054,0.30288427746003116
26.66814876669545,6.005299395748823,E. coli,pBAD,Arabinose,YPD,0.45815290258146724,0.6533388716853354
27.437073674403393,2.573211883008009,S. cerevisiae,pET,Methanol,TB,0.22601929417100816,0.4746405424846428
35.37069780639372,5.743155948059438,S. cerevisiae,pTrc,IPTG,LB,0.43688670399357526,0.38619962114470835
25.920342939396107,4.710606072423374,S. cerevisiae,pBAD,Arabinose,TB,0.32181868989937845,0.5730065418312452
28.737821315716783,5.519650779052845,P. pastoris,pBAD,Arabinose,YPD,0.30427208923984195,0.5595368989034234
33.322101216599435,3.0080852464691805,S. cerevisiae,pBAD,IPTG,YPD,0.2804335025198642,0.4042849399835155
26.741227299461592,6.421242469665093,E. coli,pBAD,Methanol,LB,0.6162880762142513,0.5966600418291708
30.57547390387385,7.176782465259372,P. pastoris,pBAD,Arabinose,YPD,0.36113637223688205,0.48800929961156014
34.66018304869467,3.300438800544654,E. coli,pTrc,Arabinose,M9,0.6858999774271346,0.33618301222529307
36.141850602179915,2.5742873331209704,S. cerevisiae,pTrc,Methanol,M9,0.52833206444757,0.3278436684144768
22.500249175793645,2.1418315162780184,P. pastoris,pTrc,IPTG,M9,0.21077033966688563,0.6468087549966391
35.7519896277454,5.851829002659596,E. coli,pTrc,Methanol,M9,0.8599388251710326,0.34240602778145107
28.36597698235215,5.642564216532684,S. cerevisiae,pET,Methanol,M9,0.3235320842477551,0.5866088299300425
24.390154601082294,5.28018447628442,E. coli,pTrc,Methanol,YPD,0.5584789493996137,0.7472544601737543
27.80530785605044,3.3916825766958523,E. coli,pBAD,Arabinose,LB,0.4375523629056661,0.5346368573664894
36.66055377985311,4.345435975433088,E. coli,pTrc,IPTG,LB,0.9168542127501015,0.3356329187903172
28.374507597878782,5.566858011117038,S. cerevisiae,pET,IPTG,M9,0.4124707503328245,0.6215304285244974
25.58877737488764,4.980601153155016,S. cerevisiae,pBAD,Methanol,YPD,0.3268368025733857,0.43261900600150943
30.767814523384338,7.926713121289324,E. coli,pTrc,Arabinose,TB,0.7158546686507827,0.5941046391176728
24.082475519229284,2.8186385153403988,P. pastoris,pTrc,Methanol,TB,0.21092868596979508,0.5028600420546524
21.28967657784729,6.170867324285563,P. pastoris,pTrc,Arabinose,YPD,0.21849852963156252,1.0
22.190955272481037,4.425912608625753,S. cerevisiae,pBAD,Arabinose,M9,0.20447319529190625,0.7341871209580348
22.176779262282132,4.569197689553689,S. cerevisiae,pBAD,Arabinose,LB,0.45412336480633286,0.688339320044096
22.582345789709002,6.305586593949057,S. cerevisiae,pET,Arabinose,YPD,0.2551796879510959,0.6007907159185132
22.360061935039973,6.154616907946218,S. cerevisiae,pBAD,IPTG,TB,0.3860729701575187,0.8210964693626889
30.89487066165465,7.94753596221313,S. cerevisiae,pBAD,Arabinose,TB,0.6824630293142444,0.7734824578868079
23.09196143478546,2.7703657367247514,P. pastoris,pTrc,Arabinose,TB,0.32421308835495505,0.7144454141316612
25.876343816505674,2.6246578963049982,S. cerevisiae,pBAD,Methanol,M9,0.2467151945984883,0.479043703057338
35.2454029684022,6.346032902772447,E. coli,pTrc,Methanol,TB,0.6786705327901129,0.5618217850859673
28.057347884468832,5.470321502038455,E. coli,pTrc,IPTG,YPD,0.5016170715921621,0.6525832661049524
31.348481554857464,3.6449639993588354,P. pastoris,pBAD,Methanol,YPD,0.2342985424959388,0.5976946209880728
22.929437810427707,2.4765162139339196,E. coli,pET,Arabinose,TB,0.404214105726339,0.6871200223821385
23.268913319747405,2.513949497578583,P. pastoris,pET,Methanol,YPD,0.21115872037388383,0.6168102753990724
20.69476647653014,7.36514524798471,P. pastoris,pBAD,IPTG,TB,0.47000716576659957,0.8797365621785553
22.871896072226797,3.1512039483124576,E. coli,pET,Methanol,TB,0.28856161318527096,0.5904769197147665
24.736035763543295,3.940229372693125,S. cerevisiae,pTrc,Methanol,LB,0.44125297310344375,0.6309254728779646
23.009178232704695,3.3599384133619283,E. coli,pTrc,IPTG,M9,0.49809628831054864,0.6039137495547116
21.507943073869946,4.129977834991624,E. coli,pBAD,IPTG,M9,0.3850247748627367,0.6371040299982345
22.050809808710213,2.41654305647656,P. pastoris,pET,Arabinose,LB,0.0,0.6632761983594415
27.833239056556337,5.114358745449622,E. coli,pET,Methanol,LB,0.47431041678154573,0.7245402703242104
23.507673212898474,2.4056753815532894,P. pastoris,pTrc,Arabinose,M9,0.38811301708723683,0.6417523496431118
26.192587637817283,6.802139046934169,S. cerevisiae,pBAD,Methanol,TB,0.4835755915859383,0.6589425407202981
28.558093604532566,3.402272491462598,S. cerevisiae,pET,Methanol,TB,0.4513313550225675,0.4905497231579859
31.73671208669921,5.2400714876270635,S. cerevisiae,pBAD,Arabinose,M9,0.4907876798543846,0.4839146083248324
20.66830637729868,7.280474525368749,E. coli,pET,Methanol,TB,0.44875376474942386,0.6969288825638519
33.58997678145373,5.905264214283165,P. pastoris,pTrc,Methanol,LB,0.31671649747769615,0.6355780259631177
30.67430662134543,5.197746719308012,S. cerevisiae,pTrc,Methanol,TB,0.5596468854622797,0.5399383725717035
21.38990354313082,3.9460025186922536,P. pastoris,pBAD,IPTG,TB,0.3309446583895456,0.7583708589226593
34.85083660981521,3.998011478349188,P. pastoris,pTrc,Arabinose,YPD,0.3675031191557837,0.5458257362777589
35.654830809040824,6.016921731189141,S. cerevisiae,pET,IPTG,YPD,0.5776490123953087,0.5443250755802661
21.038325317532685,7.964836167327006,S. cerevisiae,pTrc,Arabinose,YPD,0.3692526148815956,0.9500107555089558
24.706920018502466,5.971035139096272,P. pastoris,pBAD,Arabinose,TB,0.3915813587839169,0.6940083585403142
33.70542175648204,5.346700504220149,S. cerevisiae,pBAD,Methanol,M9,0.483497754182364,0.3510504719911139
32.720414736522194,6.383903061435476,P. pastoris,pBAD,Arabinose,LB,0.5997750816165597,0.7232807315374526
23.136857329058415,4.791233673702309,P. pastoris,pET,IPTG,TB,0.2887270434444715,0.5674608849949229
23.558938496724075,2.3608540556047113,S. cerevisiae,pET,IPTG,M9,0.0,0.5094480131333273
26.298025747453494,5.373780895267458,E. coli,pET,IPTG,TB,0.5521038511053581,0.7066148657207226
28.23689074824736,7.745751707032281,S. cerevisiae,pET,Arabinose,LB,0.6222995393422326,0.5084531979201846
30.51033111601503,3.0518176541459576,E. coli,pET,IPTG,TB,0.3880661668859833,0.4674387292632343
26.271531872686133,6.140029344923994,P. pastoris,pTrc,Arabinose,LB,0.42397801788717165,0.8483210302853109
27.863090174263515,3.205602131954339,P. pastoris,pET,IPTG,TB,0.4970394684767206,0.4139456373875806
32.70700594827386,5.214966106838488,E. coli,pET,IPTG,LB,0.627531956577056,0.6691741890920981
20.623614449140163,2.5800586978803177,P. pastoris,pTrc,Arabinose,TB,0.27759886622204577,0.6032884474472904
24.291428053848353,4.702225617549111,E. coli,pET,IPTG,LB,0.4044746814422452,0.7341353413362444
32.12694296003739,6.536979973371476,E. coli,pBAD,Methanol,YPD,0.6485512443508704,0.5733783080511378
35.21851624068239,4.085429145433892,P. pastoris,pET,Arabinose,TB,0.4523027153972731,0.4407603592498641
28.698516515966325,5.989470346923309,E. coli,pET,Arabinose,TB,0.5318194332850794,0.5057152412261149
29.045929249510365,6.772699764738375,S. cerevisiae,pBAD,Arabinose,M9,0.48851461642564165,0.7452349161897877
21.821924192776194,7.563066916876716,S. cerevisiae,pBAD,Methanol,M9,0.23678679281538662,0.8629525187601726
27.60601023599873,3.4078524911327213,P. pastoris,pBAD,Arabinose,LB,0.2811926057677192,0.7454847827702514
29.054493529735396,4.395895494855849,P. pastoris,pBAD,IPTG,TB,0.5086310368411192,0.46903005564202915
24.121998561790406,2.914496079982505,E. coli,pET,IPTG,LB,0.28868460845800703,0.5708051682229901
24.577134926139475,7.954901012950251,E. coli,pBAD,IPTG,YPD,0.4560111033335883,0.8552561156587281
26.413830772778585,7.562005807545772,E. coli,pBAD,Arabinose,M9,0.5892764080367004,0.7763532394379726
20.341210362221346,5.239742781683358,E. coli,pTrc,IPTG,LB,0.4080485906400856,0.8650322811609988
25.47534581491403,7.052199766258528,S. cerevisiae,pBAD,Arabinose,LB,0.487328853156575,0.6970968374362364
23.59461611894126,5.125747863632253,S. cerevisiae,pBAD,IPTG,M9,0.33945596935424593,0.8792228490900905
25.567454987024547,5.741514128016558,P. pastoris,pTrc,Methanol,TB,0.3640365330091216,0.7521289981450043
22.03595624092727,2.5347465926960995,E. coli,pTrc,Methanol,LB,0.30060296758484195,0.3271281163752332
35.138963772578215,6.531622522980848,E. coli,pET,Methanol,M9,0.5750728889858334,0.5182313221903705
30.091071710418827,2.7662809018114087,P. pastoris,pTrc,Methanol,TB,0.3300552146948043,0.6171634692625794
31.54473942545632,6.95640578151517,E. coli,pET,Arabinose,YPD,0.7272313726367662,0.5233630661052834
33.41591105632475,6.692168526022315,E. coli,pTrc,IPTG,M9,0.7305198840081282,0.4588572562004453
28.473517381793975,6.252468186457858,E. coli,pTrc,Methanol,LB,0.39969875273846267,0.5693792183762278
21.477644897486204,2.2169622831485727,E. coli,pET,Arabinose,YPD,0.3408051373523726,0.5077232163016635
29.13081121091531,3.8187701356719717,E. coli,pTrc,Methanol,TB,0.41546579402999817,0.46686292455262424
29.976299006354946,3.578675419465057,P. pastoris,pET,Methanol,TB,0.5030423263472906,0.6253844914612746
32.672471061133606,4.160818444829115,E. coli,pTrc,Arabinose,M9,0.613072779772046,0.6031525189464456
27.33821228590455,2.5258564805830312,P. pastoris,pBAD,Arabinose,M9,0.3705984065460656,0.2967670925865039
22.168865147524585,7.6217469381863765,E. coli,pTrc,IPTG,M9,0.5116444346534067,0.8361928739333921
24.824190398578317,5.322813444274257,S. cerevisiae,pET,IPTG,TB,0.3727955025924899,0.6752990964208232
26.172399038776796,3.8331458639481415,S. cerevisiae,pTrc,Methanol,YPD,0.5043209307374754,0.5574071015642177
30.980593102637222,4.381889102445701,S. cerevisiae,pET,Methanol,TB,0.5556235244611126,0.6426541770776902
29.7032311793715,4.683215243029014,S. cerevisiae,pET,IPTG,LB,0.4567328968872786,0.29169928263629347
26.053644340263386,5.6035660001637035,P. pastoris,pBAD,IPTG,TB,0.34065181883285717,0.46682563540128696
36.77075922948065,5.094076566178987,P. pastoris,pBAD,Arabinose,LB,0.36224038562171634,0.6570284628999652
30.29817192906708,7.516351839286504,E. coli,pET,IPTG,YPD,0.6834963166231377,0.7516261040279296
24.032855459511907,4.981780897434982,S. cerevisiae,pTrc,IPTG,M9,0.3411697910452246,0.5882161700579184
21.730302034546863,7.952948088939876,P. pastoris,pET,Methanol,M9,0.4187444902197102,0.9692640850480934
22.598605366133643,7.108549746470574,E. coli,pET,IPTG,TB,0.5864687486646059,0.8629712384681726
24.18128138253664,3.251063086144015,E. coli,pTrc,Methanol,M9,0.5227446957253804,0.5444332885923095
22.731583345412446,7.5835712878634975,P. pastoris,pTrc,IPTG,YPD,0.4022549531527589,0.9236013486887595
23.1716394088722,2.6981983873128565,S. cerevisiae,pTrc,Arabinose,M9,0.15613989347098092,0.5869006555579735
24.846617867795402,6.904698250947149,E. coli,pTrc,IPTG,TB,0.3161669516148329,0.9787697060665486
22.947351120010833,4.283739760859481,S. cerevisiae,pET,IPTG,YPD,0.22785310726247143,0.734426295979961
35.24501221864923,7.267845922670417,S. cerevisiae,pET,IPTG,LB,0.7650573393821392,0.6709553770197697
21.363973676247916,7.208340140644702,S. cerevisiae,pBAD,Methanol,TB,0.5652933767951226,0.6865257207079833
28.91669362269433,6.835552400705727,E. coli,pET,Arabinose,LB,0.5792265262438588,0.6384111237502209
26.976746058824247,6.740182617842368,S. cerevisiae,pTrc,IPTG,YPD,0.3180377712930598,0.6896795109408383
36.70043648744631,3.8280748345882447,E. coli,pBAD,Methanol,TB,0.5752499054291591,0.14038567206212887
21.90466133685689,2.485515698307513,S. cerevisiae,pTrc,Arabinose,TB,0.3468473249640939,0.6902588461600815
26.76354518377761,4.417881072590969,E. coli,pET,Methanol,YPD,0.4239135282164731,0.667546781936284
36.480997365681276,3.0411470899190522,S. cerevisiae,pBAD,Methanol,M9,0.5697619353320851,0.21335338513858088
34.71362114019767,6.16970653341477,P. pastoris,pTrc,Arabinose,TB,0.5510872836042672,0.5328851262527498
33.89022520613776,4.076598359226713,S. cerevisiae,pBAD,IPTG,TB,0.5706535286564076,0.49217076277568816
24.384348059763976,7.853661205159489,S. cerevisiae,pBAD,Methanol,LB,0.6402400381951079,0.7027695392203828
22.905088985631117,5.845832464071992,E. coli,pET,Methanol,M9,0.5223988510389235,0.8982243614349655
31.366934738715326,6.9348833818061655,E. coli,pTrc,IPTG,LB,0.6650411752144035,0.5946151642095087
35.79939181516896,2.7951480364510903,S. cerevisiae,pBAD,IPTG,LB,0.684504694714834,0.33108852318659815
29.464969181236807,7.172086893635735,P. pastoris,pBAD,Arabinose,M9,0.5095978167655911,0.7364191926120364
29.7174157209883,7.536543143080366,P. pastoris,pTrc,Arabinose,M9,0.411052912559864,0.9666336828698049
24.75964459222483,4.922371512913616,E. coli,pBAD,Arabinose,YPD,0.5342204288841912,0.585793842639827
33.08137986426293,5.637517626505865,P. pastoris,pBAD,IPTG,M9,0.5322614865740235,0.505292365300841
23.1797437254779,6.588858805417972,S. cerevisiae,pBAD,Methanol,TB,0.3616913980132392,0.5952686387294459
25.502547018872143,3.0490317635624753,E. coli,pTrc,Methanol,M9,0.3628180190497867,0.45179615274979623
27.232419456479086,5.015396458780654,S. cerevisiae,pTrc,Arabinose,YPD,0.3819090682927358,0.6438579054428862
28.629376437635734,4.391978166633878,E. coli,pTrc,IPTG,YPD,0.4622383171135733,0.7188783874968875
24.120965451056364,2.8782439529734947,E. coli,pTrc,Methanol,YPD,0.35788186171294867,0.6712228959935821
21.95222602056646,4.205206533749188,E. coli,pET,Arabinose,M9,0.3056623162545741,0.7059084367966506
30.380540721507757,2.4090338563129614,E. coli,pBAD,Methanol,M9,0.5193683262067499,0.32350150224716273
24.90671940508435,2.1548714416969217,P. pastoris,pTrc,Methanol,LB,0.25576838121159917,0.6730718811587019
29.88104976418441,2.810997734928937,S. cerevisiae,pBAD,IPTG,LB,0.4198617835675835,0.30023558269309364
22.62416615966144,7.7786906695350435,S. cerevisiae,pBAD,IPTG,TB,0.41660206599581184,0.6848294021996971
28.179381731531898,5.297177215370102,S. cerevisiae,pET,Methanol,LB,0.420423615893857,0.5319064991645982
29.05402035337696,7.79493296691932,E. coli,pTrc,Arabinose,TB,0.7834821259426268,0.5126784986144358
20.881000125981256,4.594987269980792,P. pastoris,pTrc,IPTG,YPD,0.24155433973177426,0.6616570629380465
25.722272729296648,3.8708967985115574,S. cerevisiae,pBAD,Methanol,LB,0.47415304473925646,0.7408373687458011
22.28504950796256,5.036851177041465,P. pastoris,pTrc,IPTG,M9,0.17406297909503426,0.6317441387583675
21.077374498037052,4.6370701317974605,E. coli,pBAD,IPTG,LB,0.4491245893335447,0.628707853820107
36.82932395062907,2.6339881055704635,S. cerevisiae,pBAD,IPTG,TB,0.42866786876501434,0.2289210442876014
25.480015364570292,5.844957888141238,P. pastoris,pET,Methanol,LB,0.30257970057991884,0.7679913396233837
33.767865579528795,3.2962290950575976,E. coli,pET,Arabinose,YPD,0.528999576274318,0.3545013586555259
24.328891130983983,5.717527729386978,P. pastoris,pET,Arabinose,M9,0.28602241627772207,0.5731946588358998
31.5855462778068,5.901206554388921,S. cerevisiae,pBAD,Arabinose,TB,0.4719422640715908,0.5986116727503493
32.923873618124674,2.9121491187718886,S. cerevisiae,pTrc,IPTG,M9,0.5654651719677931,0.2840205134909881
30.12585859033335,2.368097762664009,E. coli,pET,Methanol,M9,0.47906762992870766,0.5419745251491764
28.016795205352693,6.6845695164106385,E. coli,pTrc,IPTG,TB,0.6048423543925115,0.6220401632831081
27.001295540503566,4.758802542615921,E. coli,pET,Arabinose,M9,0.45312480932838795,0.7136862926515608
25.93076053123092,2.348982773032855,P. pastoris,pET,Arabinose,M9,0.3356117970222044,0.6988166055808288
35.80199545221304,7.969197903018603,P. pastoris,pBAD,Methanol,LB,0.6498269328255042,0.5694118817669954
34.12052993239139,2.3466833659782,P. pastoris,pET,IPTG,M9,0.36373004922530344,0.4610412128807777
36.405457481330714,6.170211373151319,E. coli,pET,Arabinose,M9,0.5543379271494315,0.32634523611707444
22.11305279925426,7.902073551580481,S. cerevisiae,pBAD,Methanol,M9,0.43977300834391614,0.8668896096649602
32.42474707846195,3.4350806252955537,S. cerevisiae,pTrc,IPTG,M9,0.5094175691660363,0.4914018118048596
35.95178776595765,2.853496212123177,P. pastoris,pET,IPTG,TB,0.3457845990451349,0.4063159459804646
23.080962124816224,2.7283096365345734,P. pastoris,pBAD,Arabinose,YPD,0.18132545899238972,0.8987065195666539
21.130436545235217,3.819650885405573,S. cerevisiae,pET,Arabinose,LB,0.31732199557071816,0.7147828522263023
32.599051037931005,2.60627486606388,S. cerevisiae,pBAD,IPTG,M9,0.2680049681413551,0.28414974590578823
29.766042924058503,6.152968050164791,P. pastoris,pTrc,IPTG,M9,0.37991754297921665,0.9569415606399352
34.31108920489062,2.3737507887803764,P. pastoris,pTrc,Arabinose,TB,0.43724913271306753,0.5342821716647116
22.376130402646922,5.056532768898738,S. cerevisiae,pBAD,IPTG,YPD,0.43842409498847595,0.5269061131627786
33.51954430161813,7.980181123117861,E. coli,pBAD,Arabinose,M9,0.9443040283387772,0.5422701753472684
23.427664440811657,6.883821617036113,P. pastoris,pBAD,IPTG,TB,0.554770403344435,0.7517874636781401
22.782151028716978,5.6913166293860655,S. cerevisiae,pTrc,Arabinose,LB,0.3699999142136322,0.7775257172530596
22.792518564826878,3.83752172471967,S. cerevisiae,pET,Methanol,LB,0.24444540183768504,0.6756901439795986
33.847770243933496,5.74337501774983,S. cerevisiae,pTrc,Arabinose,M9,0.6474758281562558,0.507688715532651
31.3083527518354,5.162248783469909,S. cerevisiae,pBAD,Arabinose,M9,0.43468014586191095,0.3163134536416651
28.892112221075028,4.556500303342229,E. coli,pBAD,Methanol,YPD,0.4492196191372845,0.4938828786543624
26.100118230099543,2.7842622604411966,S. cerevisiae,pTrc,IPTG,YPD,0.28598091730033715,0.4702218360521042
34.91240919382284,7.319625291442801,P. pastoris,pBAD,Methanol,M9,0.5328363813908249,0.42023587409884156
26.6715668261848,4.698707892927935,E. coli,pTrc,Arabinose,TB,0.533010279521756,0.5303892596258936
33.88219047101681,3.16773507092459,S. cerevisiae,pBAD,IPTG,YPD,0.40748824515904747,0.4566661468298059
27.465293445693714,4.206556105263738,E. coli,pET,Methanol,M9,0.49753790530311004,0.4172649367133318
26.40805530022343,4.484778515173562,P. pastoris,pET,IPTG,YPD,0.4904408140735628,0.8119091682302739
27.86555635638331,6.9652273734012455,S. cerevisiae,pBAD,IPTG,M9,0.5012040578974891,0.7659990061521894
25.123423860790417,6.401686283368412,P. pastoris,pTrc,Methanol,LB,0.5241540169664078,0.762678138221906
32.70935946299627,6.615829361848039,S. cerevisiae,pET,IPTG,M9,0.6847008480470569,0.4561285343031648
28.546246631572146,2.0661875865718833,S. cerevisiae,pTrc,Methanol,LB,0.39594523013624827,0.47494083898935086
23.947615817495894,4.496923989078569,S. cerevisiae,pBAD,Arabinose,YPD,0.3003264177558857,0.5437062785494668
35.29276774566766,4.888064909811941,S. cerevisiae,pTrc,IPTG,M9,0.6562843243514119,0.29777971394042946
26.526150763344596,2.11515366093834,S. cerevisiae,pET,Arabinose,YPD,0.2766394667123391,0.43883543907769945
29.240398638937805,3.5588792524702053,E. coli,pTrc,Arabinose,LB,0.49857030368914534,0.2835885758523814
35.4100258863973,6.56173893873281,S. cerevisiae,pTrc,IPTG,M9,0.6429905918922351,0.30764759898580674
30.612045930537867,2.8226582343739945,S. cerevisiae,pBAD,Methanol,YPD,0.3978931885927708,0.3475892138660157
21.98726669204219,5.2118607887155495,E. coli,pBAD,IPTG,LB,0.3525158708403393,0.8049400913952912
35.97714610142908,3.291211232103425,E. coli,pBAD,Arabinose,YPD,0.45563141920812444,0.24399382139584158
30.671036902214105,2.0727246478633594,E. coli,pET,Arabinose,TB,0.5710534552669905,0.3701171481366589
25.693395449170463,3.4472087455972487,E. coli,pET,Methanol,LB,0.48940540213555195,0.4150188598928506
22.367625235277583,7.855242529460323,E. coli,pBAD,IPTG,LB,0.3472585471698204,0.976286038101178
33.498428217595034,6.809222671297937,E. coli,pBAD,Arabinose,LB,0.6085819797195141,0.5852577765350456
30.541236850784728,7.757459865926201,S. cerevisiae,pET,Arabinose,M9,0.5812519596583232,0.6629206410607116
29.068838563597467,4.9271242635581745,S. cerevisiae,pET,Arabinose,M9,0.48640996703427697,0.5727306265438614
35.19617391186628,2.658417192065021,P. pastoris,pET,Methanol,M9,0.2713080247189902,0.36978273035455145
33.40615259081702,5.287756933842157,S. cerevisiae,pET,Arabinose,TB,0.5221163213806784,0.3888791416527193
22.57847295545677,4.726264007359765,S. cerevisiae,pBAD,Arabinose,TB,0.37386088596025907,0.782539629967021
25.29927515252432,7.0661424964376955,E. coli,pET,IPTG,LB,0.5110938013905107,0.7875953058637261
24.22431537684592,2.5884954847054678,E. coli,pBAD,IPTG,TB,0.40261416873114997,0.553400578563441
32.64708697373551,4.929446822130669,S. cerevisiae,pTrc,Arabinose,YPD,0.4563464358021631,0.4370235608415777
20.57005139050825,2.9002919881639055,P. pastoris,pTrc,Arabinose,LB,0.26396048766990965,0.72021725751445
29.688124642812383,3.94805556134036,E. coli,pET,IPTG,LB,0.4391747850403992,0.49092122431410784
32.96179765759174,6.424142464326798,S. cerevisiae,pTrc,Methanol,YPD,0.44617800143296227,0.5514642821111542
34.90501582494974,4.856108776212599,S. cerevisiae,pTrc,Methanol,LB,0.5462148341218486,0.2853415748440146
25.815389728170427,4.255329710874616,P. pastoris,pTrc,Methanol,TB,0.166532733616445,0.579253137492856
33.96137417942422,4.366857671420211,P. pastoris,pET,Methanol,M9,0.247583409119759,0.5347287512643318
21.88073952823852,4.75668061043592,E. coli,pET,Methanol,YPD,0.5173665372269648,0.7214006998515329
34.38968895948681,6.710099263022341,P. pastoris,pTrc,Methanol,TB,0.44715813348400674,0.6851749126439977
22.1673072596437,7.352508133641407,S. cerevisiae,pBAD,Methanol,YPD,0.26583097499661884,0.8524474065684551
26.753883939526244,7.73200811902357,S. cerevisiae,pTrc,Methanol,YPD,0.4129511245131312,0.6646698461244269
33.554021218252416,6.721420317531771,P. pastoris,pET,IPTG,LB,0.445530974536595,0.6654929027773122
22.548596264929152,3.8924413744880764,P. pastoris,pET,Methanol,LB,0.22647509951673545,0.8478089902567753
23.897273718954906,6.128808236519253,P. pastoris,pET,Methanol,TB,0.22971284290827093,0.8529459884477949
32.27829366268213,4.6256187443323515,P. pastoris,pTrc,Methanol,YPD,0.48903841359727646,0.5988163208014795
32.24062112128326,3.5280237322763073,E. coli,pBAD,Arabinose,LB,0.6163853768636708,0.40909142230839884
30.899509759050055,7.045229476555535,P. pastoris,pET,IPTG,LB,0.366929609916625,0.7876822909673304
31.7971235559407,2.2305580937739498,E. coli,pET,IPTG,YPD,0.4372438018277143,0.31237988885283535
29.226315536909134,7.410571952812541,S. cerevisiae,pTrc,IPTG,TB,0.47530637226777034,0.6797557739568032
24.280584001418198,4.768864787748405,P. pastoris,pBAD,Methanol,TB,0.2844930571623712,0.9901422699385286
25.87683188956663,5.823208860849682,E. coli,pTrc,Methanol,YPD,0.6243065400072862,0.7495150653703754
23.087161185624236,5.956123533234696,P. pastoris,pET,Arabinose,TB,0.43491137374367966,0.7754977923581355
35.44365954267168,7.370706444239218,S. cerevisiae,pBAD,IPTG,LB,0.889665494284837,0.45203552273233416
29.917660511024046,5.8200180930032435,S. cerevisiae,pBAD,Methanol,YPD,0.25787413694915745,0.5409903936268851
26.814474084981878,5.68360150856037,S. cerevisiae,pET,IPTG,LB,0.3337645102724311,0.7017407957575882
27.854098661950257,2.39991224336414,P. pastoris,pBAD,Arabinose,M9,0.4681661811175473,0.538791498919181
36.103816773400865,5.110448131671225,P. pastoris,pBAD,Arabinose,M9,0.3414746532058801,0.39877662309565387
22.606973852973365,2.90101400490225,E. coli,pTrc,Arabinose,TB,0.5392796399258606,0.5586995389101294
29.965907144285552,6.424602612328913,S. cerevisiae,pET,IPTG,M9,0.5229677196568392,0.5931688813618541
28.60010754103592,5.073331524876047,P. pastoris,pET,Methanol,LB,0.4068988099048465,0.6461040286582879
30.394722002389013,6.08136667525012,S. cerevisiae,pET,Methanol,M9,0.37503018384522946,0.5962540792469757
20.307873124954288,2.2500374036143054,S. cerevisiae,pET,Arabinose,LB,0.1501290662950077,0.6896102086941983
34.826106452050574,2.5087520962748195,E. coli,pET,Methanol,TB,0.7392704219757852,0.5897872003782059
35.846010802221414,6.297940328376093,E. coli,pBAD,Arabinose,TB,0.7037451785447956,0.33263611701921736
29.607264121016552,2.43250601599204,E. coli,pTrc,IPTG,LB,0.4225566792901174,0.5034886473155022
31.843064005907166,2.4275403665915514,E. coli,pET,Arabinose,M9,0.548012037233633,0.3901589430221185
35.68248948001403,2.0726508514093247,S. cerevisiae,pTrc,IPTG,TB,0.44410767856798333,0.03340464084560806
32.023056783327775,7.739008389796881,E. coli,pTrc,Arabinose,YPD,0.7237829976129535,0.772075225940428
22.593163729542443,6.4250501567540415,E. coli,pBAD,Methanol,TB,0.39105178413180297,0.8464843412575843
29.796902122835824,4.1195084510123845,E. coli,pET,Methanol,M9,0.5197574553254759,0.5959925404422904
30.31415578850855,3.779213487725931,E. coli,pBAD,Arabinose,YPD,0.46061069848179303,0.3128397336872766
27.210221412140562,4.098219378475097,S. cerevisiae,pET,Methanol,M9,0.19870378759863208,0.5031569302386226
32.519552005620284,6.647921187087091,E. coli,pBAD,Methanol,LB,0.7097276267942436,0.4686311355159983
35.884239251073254,5.968223666422486,S. cerevisiae,pTrc,Methanol,YPD,0.4736340610205294,0.6327658682308278
35.7346647194152,3.1111734072048076,P. pastoris,pET,IPTG,M9,0.4327457635263081,0.4880823731789202
27.664269313870246,3.044656012004506,S. cerevisiae,pTrc,Methanol,YPD,0.44686355736431926,0.3921545180292883
21.92504677929284,2.590373898280384,S. cerevisiae,pTrc,IPTG,M9,0.08475090433567428,0.4193016294426649
36.74230038235969,5.961816318208029,E. coli,pBAD,Arabinose,YPD,0.7742373133930728,0.4622004449396512
34.26126746958088,6.586235973330416,P. pastoris,pET,Methanol,M9,0.5097750709357295,0.6942357551440467
22.119265580455536,3.590278569950024,P. pastoris,pTrc,Methanol,LB,0.12546448364900747,0.5452563030038174
35.65431200449533,2.125669766185477,P. pastoris,pBAD,Methanol,YPD,0.6189416054634216,0.22936960920794192
34.78823815505618,2.4930300048585643,P. pastoris,pET,Arabinose,YPD,0.41166561584775463,0.2510444524167378
28.820246971143227,7.807160209070183,S. cerevisiae,pET,IPTG,YPD,0.47687076239135506,0.7631716577949267
30.051682407663797,3.7726686648645216,P. pastoris,pTrc,IPTG,YPD,0.2916743478559341,0.5036589359326833
26.783045965792216,6.615338887028802,S. cerevisiae,pET,Methanol,LB,0.5467554471049626,0.6301258948861772
20.930947859974534,5.747981413125583,S. cerevisiae,pTrc,Arabinose,YPD,0.26265926333280126,0.7768089465440423
25.698353107980317,4.291637837917375,S. cerevisiae,pET,Arabinose,TB,0.43668920593884303,0.48231713851180824
33.64850862616619,3.2341235731733304,P. pastoris,pBAD,Arabinose,LB,0.41610397129694404,0.281541749759241
20.07874439107825,2.7283185089564386,E. coli,pTrc,Arabinose,TB,0.4203150198064266,0.8152150764808698
25.66948591874945,5.6900778082332,E. coli,pTrc,Arabinose,YPD,0.4016576254354507,0.8414104394201958
26.768867791046034,6.647802683826728,P. pastoris,pET,IPTG,M9,0.31753082531326815,0.7835984466670189
29.13572524994469,5.863425521246784,E. coli,pET,IPTG,TB,0.546074864034988,0.6446758632597509
35.63754547901693,5.18181279949495,E. coli,pTrc,IPTG,YPD,0.6473092705112432,0.5572481571544156
25.88788190422134,2.2517073405898174,S. cerevisiae,pET,Methanol,TB,0.2593114994302285,0.47931161531330463
25.89820443223587,7.810932665566303,S. cerevisiae,pBAD,Arabinose,YPD,0.7478549217136959,0.7026472191171597
32.537521217865724,6.792285149927448,P. pastoris,pET,Methanol,YPD,0.7244878886100721,0.6389996090264399
27.687704995126722,3.7569322202057887,P. pastoris,pBAD,Arabinose,YPD,0.3579637049798764,0.7381445295237244
23.818281989979695,7.879821976153104,E. coli,pBAD,IPTG,M9,0.5896458164021322,0.8537147513843238
27.69147177425579,5.611289537817933,S. cerevisiae,pBAD,Methanol,TB,0.4163700020930811,0.5228719704722198
22.3945693464566,5.494535949243479,P. pastoris,pBAD,IPTG,LB,0.1860198962879442,0.8262104541120942
22.998578770605796,6.488439076577192,P. pastoris,pBAD,Arabinose,LB,0.31778561570098,0.9138679268062782
28.472252136571157,6.870618728540825,P. pastoris,pET,Arabinose,LB,0.524321138006045,0.7904242276099523
27.121732641577314,5.938871643989016,P. pastoris,pBAD,Arabinose,LB,0.5228678564592488,0.7770802278982055
35.5523803181577,2.7685744781972,P. pastoris,pET,IPTG,YPD,0.5350869863221406,0.2750758539470708
26.160696284982762,4.02960503596699,P. pastoris,pBAD,Arabinose,TB,0.15739407449897502,0.7252166035112415
29.87000195472674,7.568501841956298,E. coli,pTrc,IPTG,TB,0.6156809212506071,0.6909445759457578
30.748492894632015,3.3476936710631113,S. cerevisiae,pBAD,Methanol,M9,0.27028889144264256,0.3307773177818841
20.22260576200167,4.23300214302508,S. cerevisiae,pTrc,Arabinose,TB,0.3788087018732889,0.7764717422436144
31.280135324284082,4.592461297665176,P. pastoris,pBAD,Arabinose,TB,0.37825151875043034,0.5074164940425375
23.026611436785775,4.636429938166713,S. cerevisiae,pBAD,Arabinose,TB,0.3196036134395934,0.4929718025330655
36.33819539698074,5.677637494967153,S. cerevisiae,pBAD,Methanol,M9,0.6449025966751764,0.28623468068770935
22.52726637180292,7.658455026468245,S. cerevisiae,pTrc,Arabinose,LB,0.6962849845301287,0.7994666980482537
27.048610103359405,3.4441562709950295,P. pastoris,pTrc,IPTG,TB,0.33295366712233687,0.6548669972663651
21.450944357336944,2.7290082578055084,P. pastoris,pBAD,IPTG,M9,0.15808419656351597,0.6058824066829235
36.9468622813811,3.184822939159624,S. cerevisiae,pET,Arabinose,M9,0.39819147678373384,0.2223538281668494
28.53731517563112,7.321549401255617,S. cerevisiae,pBAD,Arabinose,YPD,0.6600339371764088,0.5339180909715697
30.121545294440743,5.874864875931236,P. pastoris,pTrc,Methanol,M9,0.42404488527587425,0.7457696856048056
21.140300115603267,3.715440735434961,E. coli,pBAD,Methanol,LB,0.5270206962978086,0.8752151063991392
32.74932799678602,6.895681633811703,S. cerevisiae,pTrc,Methanol,TB,0.6850938180392101,0.6984579592620003
23.56839508262496,7.168219978180616,E. coli,pTrc,Arabinose,M9,0.47245474286533806,0.9160708940754542
35.266922920492135,7.079086032141668,S. cerevisiae,pTrc,Methanol,LB,0.48401328142079736,0.5719055841040971
23.48737388819412,7.513559201837326,E. coli,pBAD,Methanol,M9,0.5568582859140667,0.6274351442251122
23.241691251282333,3.5134461210401695,E. coli,pTrc,IPTG,M9,0.32835509999291435,0.6585601570529165
20.621344353417612,6.5302515724776695,E. coli,pTrc,Methanol,M9,0.44920053982803354,0.8058328675180084
28.025138066869985,4.76323698364484,P. pastoris,pBAD,IPTG,M9,0.4735148205352005,0.7291210370899177
29.60229926546448,7.051991317340369,E. coli,pTrc,IPTG,M9,0.45584710459723676,0.4108098076379783
21.11704687028199,6.370944062969679,E. coli,pBAD,Methanol,LB,0.4754036727167049,0.8558240642658267
33.183969483815176,6.658684678998348,E. coli,pTrc,IPTG,TB,0.7499418943487849,0.5410457219022138
27.70591019071647,5.936971026086429,S. cerevisiae,pET,Arabinose,TB,0.5329984120360788,0.7204195470040379
28.914634578568858,3.064572616818241,E. coli,pET,Arabinose,TB,0.3387341752917189,0.6394437653493592
27.49296669794988,5.27016151338163,S. cerevisiae,pTrc,Methanol,TB,0.4675394089833371,0.4839844169038424
26.81297203488054,7.908018437147049,E. coli,pET,Arabinose,LB,0.723308208426899,0.6885993826836329
29.513885632239706,7.624328398982714,E. coli,pBAD,IPTG,YPD,0.6750447631764805,0.722772848990955
22.639084180822113,2.25904241478207,P. pastoris,pET,Arabinose,YPD,0.17580508470751072,0.8172302687315703
23.09277821841961,2.9888888943766228,S. cerevisiae,pTrc,Methanol,LB,0.3851228664023889,0.5736343584895711
34.650355557229794,2.7903726407273712,E. coli,pTrc,Methanol,LB,0.4991980521854532,0.20180913352590668
36.083962856271754,6.3558794599117725,S. cerevisiae,pBAD,IPTG,M9,0.46035336949594785,0.36675231536435104
26.3462583767558,6.9067119791416705,S. cerevisiae,pTrc,Methanol,M9,0.4396069760664892,0.7091609959014564
24.602659443440416,3.2810681978640313,P. pastoris,pBAD,Arabinose,M9,0.3108288783550634,0.6706802825231379
30.947992235063268,5.0351161577109735,P. pastoris,pET,Methanol,TB,0.53369460819767,0.5123905445951765
26.94848090866764,7.0442181680672,P. pastoris,pET,IPTG,M9,0.47874063447903753,0.7177145579740779
20.431568046225863,6.3968092685975035,P. pastoris,pBAD,Methanol,YPD,0.37171207303084247,0.8043430033136032
22.654594155225237,5.253423232951089,P. pastoris,pBAD,Arabinose,TB,0.3939811388657932,0.9086308833311917
32.171527890405756,5.542086142752638,P. pastoris,pTrc,IPTG,M9,0.4334400247233051,0.4956419603792921
31.201707012472575,5.05016328149768,P. pastoris,pET,Arabinose,TB,0.41893968207254373,0.5313736597903274
20.46063187255922,3.7852907079129237,P. pastoris,pBAD,IPTG,YPD,0.3299280769592769,0.7207201695293365
23.77352675286014,5.390131957154097,E. coli,pET,Methanol,M9,0.3408855160239143,0.560161998880019
23.928271541997212,6.133311812300544,S. cerevisiae,pBAD,IPTG,YPD,0.434079286804585,0.6194959765922509
31.422176641178382,7.239937495164846,P. pastoris,pET,IPTG,YPD,0.4391299161882487,0.8089329871339971
20.335079141824192,5.8177481238754885,P. pastoris,pTrc,Methanol,YPD,0.3772013885406156,0.7541715858367346
21.769845893737756,6.566729222258948,S. cerevisiae,pET,Arabinose,M9,0.3651009661604552,0.6828354425275468
33.59857345134422,2.960429809727438,E. coli,pET,Methanol,LB,0.5570242343990645,0.23012587732158507
23.035259254923673,4.76934484651874,S. cerevisiae,pET,IPTG,M9,0.5034619388099,0.6500261829963461
31.09668383348187,2.05598971896256,S. cerevisiae,pET,Methanol,YPD,0.27268092551700446,0.5204354627272914
24.04910727779435,3.4800731871297383,P. pastoris,pET,IPTG,M9,0.2754486804857191,0.656158174348456
21.690503676908868,6.358770290678029,S. cerevisiae,pTrc,Methanol,YPD,0.34032388960969273,0.7787144536383239
24.13392724699072,7.95085970809618,S. cerevisiae,pBAD,Methanol,LB,0.5093071257799561,0.7136765981648998
32.2785378415462,2.595068597523295,P. pastoris,pET,Arabinose,TB,0.5651662325611175,0.42203746937009623
34.54683995780686,4.4089658951677295,P. pastoris,pTrc,IPTG,LB,0.41079370680580474,0.590838693750601
34.113737697638854,6.800425812194957,P. pastoris,pET,Arabinose,LB,0.4237687281537819,0.6122947404767426
26.75212000351373,3.224213807773393,P. pastoris,pET,IPTG,TB,0.21152276242982,0.808385921761846
31.357447321700985,5.330509695813717,S. cerevisiae,pBAD,Methanol,M9,0.4725782150899005,0.6168027637277562
23.48473302206896,6.398427776178049,S. cerevisiae,pET,IPTG,TB,0.39827268696515017,0.7223673976042526
24.983511414437224,5.695912701561074,E. coli,pTrc,Arabinose,M9,0.5064085181028576,0.6989807833122668
35.237708914859034,3.128148407692497,E. coli,pTrc,Arabinose,M9,0.7730166590721022,0.5001480938907361
20.221032699682514,4.132307412114437,S. cerevisiae,pBAD,Arabinose,YPD,0.4214124137969782,0.70801347334612
21.453645024525958,6.702750706912383,E. coli,pET,IPTG,YPD,0.5973488895177825,0.9879776501026518
23.534066337482464,5.325359084792099,S. cerevisiae,pTrc,Arabinose,TB,0.6103283912928548,0.8787088984451432
20.451047465854934,2.031377681257476,E. coli,pET,Arabinose,LB,0.37402270960087436,0.611304632862544
23.084402396526556,6.565944560168563,P. pastoris,pET,Arabinose,TB,0.45215139938550847,0.8848829923030272
29.911706536484765,2.2118681296414344,E. coli,pET,Methanol,M9,0.5466327414340397,0.5147687448622971
27.164217360072463,6.474402696387393,P. pastoris,pBAD,Methanol,YPD,0.4745560225086491,0.8250094215119589
35.17541908830857,3.2148833609914247,P. pastoris,pET,IPTG,TB,0.48270292171600265,0.46772989353105787
33.89654054955349,7.748440880716281,P. pastoris,pTrc,IPTG,TB,0.5325824511112092,0.5157891028616457
25.810894978863892,4.207644507812507,P. pastoris,pET,Arabinose,YPD,0.18369514835570033,0.578399878025619
24.410198368331972,3.9615896980284746,E. coli,pTrc,Methanol,YPD,0.4131116063678869,0.5851807954764263
26.454770938843538,2.893328301994668,S. cerevisiae,pET,Arabinose,YPD,0.38387146360943425,0.6056353673713772
30.03501402275173,3.8336252929412895,P. pastoris,pTrc,Arabinose,M9,0.3794599027127609,0.4193398783419864
24.557081893988897,7.259904570969203,E. coli,pTrc,Methanol,YPD,0.4323547632723701,0.953754939877728
30.610531433435277,7.978006025763484,P. pastoris,pET,Methanol,LB,0.5050930071885855,0.8202654850752993
26.959998087251087,4.20985718304109,E. coli,pET,Methanol,TB,0.45805854803124546,0.7042495128654025
29.384802074483666,4.691663785727256,E. coli,pTrc,IPTG,YPD,0.5331589266762748,0.459411774822983
27.414150995300382,6.332425629216422,E. coli,pBAD,IPTG,YPD,0.6090940856119904,0.6913144193561024
25.005917912212603,7.317174682790447,S. cerevisiae,pET,Arabinose,M9,0.5210642226311956,0.7717434107071893
36.12370621835666,5.558266005120705,E. coli,pBAD,IPTG,M9,0.6381550644577513,0.46267607404881533
32.98129850071594,4.349154189066976,E. coli,pET,Methanol,TB,0.6909960941576108,0.48048290017364287
22.381923988029694,4.4757310450917425,S. cerevisiae,pET,Methanol,LB,0.4216755504000038,0.6318671928080191
34.763955590264516,6.173708878980841,S. cerevisiae,pET,IPTG,TB,0.6174323295914141,0.46420241595431877
28.286330370241732,2.019309581625672,E. coli,pET,Arabinose,YPD,0.4970771959729188,0.5492332680479054
35.207387857199556,5.717536024759044,S. cerevisiae,pBAD,Arabinose,LB,0.6769877554042499,0.29841991775275756
33.59753935110436,4.132958062648145,P. pastoris,pET,IPTG,LB,0.33490893355889145,0.6317593226752026
27.228629575976967,6.765183987662505,P. pastoris,pTrc,Arabinose,LB,0.5272484122059704,0.859972242937961
20.381978241441995,2.557943838938793,S. cerevisiae,pTrc,Arabinose,LB,0.12760523854831643,0.5124621274162462
24.567515109544082,5.529213601690343,S. cerevisiae,pBAD,Arabinose,TB,0.3119263415583587,0.7001269962846304
29.20778164923474,4.885837339316742,E. coli,pET,Methanol,M9,0.5626406517798525,0.6592434354477467
30.7691297370445,5.853953155431364,S. cerevisiae,pTrc,Methanol,M9,0.2868285886555367,0.40430485023143165
24.38409065236444,2.38912156689781,E. coli,pBAD,IPTG,YPD,0.390657997816964,0.5605442992473859
22.36905325923801,5.479902724568788,P. pastoris,pET,Methanol,M9,0.3901030941707852,0.8031987118245956
34.19381402558808,5.368907527757142,S. cerevisiae,pTrc,Arabinose,M9,0.381773235760914,0.3577784062522525
36.734837071960385,5.363960566497026,E. coli,pTrc,Methanol,M9,0.8028706531626941,0.4217353952499464
28.93673309914566,5.620925999578729,E. coli,pBAD,IPTG,M9,0.4922106145608127,0.5506456177490414
22.91854785942116,6.058807623358174,P. pastoris,pET,Methanol,YPD,0.3411587498984078,0.966834458662418
24.62922455082927,6.829933998084618,S. cerevisiae,pET,Arabinose,TB,0.3708223406543125,0.6621200606813833
20.312641501306935,3.618924320769286,P. pastoris,pTrc,Arabinose,LB,0.24961378698282932,0.8461996464934208
35.543079711528485,6.950296461080372,E. coli,pTrc,IPTG,M9,0.8285454015715604,0.3533422151938607
22.0017684091324,4.989534093580722,E. coli,pTrc,Methanol,TB,0.48328087453688506,0.7286420323316566
29.80078008374231,2.4623496748059868,S. cerevisiae,pET,Methanol,M9,0.3714641281123293,0.3819504882133925
24.658938751682502,2.351305575463875,E. coli,pBAD,Methanol,M9,0.3285337800416087,0.5280960107996476
29.42102604276849,4.005429912176365,S. cerevisiae,pBAD,Arabinose,LB,0.4100179982516886,0.42783237015079434
31.074146601981692,6.709381862668805,P. pastoris,pET,IPTG,LB,0.5536147994810943,0.5980159180771628
34.10561066302243,6.246085608445495,S. cerevisiae,pBAD,Methanol,LB,0.6454791827955907,0.5464195697650248
23.509161619930254,6.731689788034439,S. cerevisiae,pTrc,Arabinose,M9,0.4590259705847114,0.8488397959591951
20.18692908719417,5.103614338649656,E. coli,pBAD,Arabinose,M9,0.26006312668047626,0.7858299723379146
22.327055711169724,4.641193987732944,E. coli,pBAD,Arabinose,M9,0.4097361187225963,0.6083703471848294
35.30031691141779,2.884715160237704,S. cerevisiae,pBAD,Methanol,LB,0.4200921835989128,0.4528444390683373
34.85613131856276,3.9691565216558695,E. coli,pTrc,Methanol,YPD,0.6796925197985912,0.2972056905846171
30.156022736895242,4.604116197043251,E. coli,pET,Methanol,TB,0.47304064609912266,0.3828047716181387
30.208786627372106,2.5316025780777034,E. coli,pTrc,Methanol,YPD,0.5270832388094894,0.22029617333949691
31.305623467286345,3.3236717162672678,S. cerevisiae,pET,Methanol,M9,0.39916278755461476,0.39855985069071675
22.98131173659864,5.589351764382433,E. coli,pET,Methanol,M9,0.26596898822404136,0.7300442096258
35.545003080724314,6.413978685435139,S. cerevisiae,pET,Methanol,YPD,0.7010526078749648,0.5486191751784151
27.119098923165243,7.990085068357698,E. coli,pBAD,Methanol,M9,0.6075078806118239,0.8371005799582459
26.513354980241456,7.598679988061346,P. pastoris,pBAD,Methanol,TB,0.5648767697320257,0.8491527022704981
28.82160098980824,5.85539119721115,E. coli,pET,Arabinose,M9,0.40050617098766983,0.5986556333713344
20.798421435175936,4.527488319764432,E. coli,pET,Methanol,TB,0.35159003299887026,0.8629511135745337
22.82681726885335,5.817064188249397,S. cerevisiae,pBAD,IPTG,YPD,0.338676766672106,0.9067846283662886
32.5465714792483,6.713909708481392,S. cerevisiae,pTrc,Arabinose,YPD,0.5910587059668021,0.6331772316752043
21.40757735472715,2.710017145540324,E. coli,pET,Methanol,M9,0.19698131800618765,0.5965885740863254
30.2535858609286,4.4594293381777295,P. pastoris,pTrc,IPTG,TB,0.4520162730235327,0.6504831600442715
24.170934864582456,7.0388137138137035,E. coli,pBAD,Methanol,M9,0.7184790880790153,0.756435847317604
26.6180254387136,4.302997711598264,E. coli,pET,IPTG,LB,0.524992668643457,0.4879331034212123
24.907793525101898,5.431233627363119,P. pastoris,pTrc,IPTG,LB,0.3439706499443698,0.6568877520869341
26.046436179904134,5.5266161651731895,S. cerevisiae,pTrc,IPTG,LB,0.2690720921458984,0.5894160218122819
32.22378038813217,3.106857518801836,E. coli,pTrc,IPTG,LB,0.458562431819613,0.4161025719652804
25.051069165593976,4.173412649913731,S. cerevisiae,pBAD,Arabinose,M9,0.33920061400304663,0.7899163653747028
29.62887888504725,4.007067732451593,S. cerevisiae,pBAD,Arabinose,LB,0.3673037172477007,0.3737133943468003
28.092856837384694,2.157180251192389,P. pastoris,pTrc,IPTG,TB,0.3847527461263102,0.6402576093802083
31.282409811165017,2.1451505833481317,P. pastoris,pTrc,Methanol,YPD,0.3914436641053672,0.39705890377698183
35.92610556852088,6.990182262054641,S. cerevisiae,pBAD,IPTG,YPD,0.9049859031934882,0.25959940260556474
32.453725652574256,3.6384248598368742,E. coli,pTrc,Arabinose,LB,0.4596882323289868,0.3757250986063835
23.653986436042864,5.108472597432892,S. cerevisiae,pTrc,Methanol,LB,0.35475261520723883,0.7810264890339171
20.53011329604184,3.7923534415326383,E. coli,pBAD,Arabinose,LB,0.21187985645728263,0.7544264435387851
24.458488753097026,7.644075470692043,E. coli,pTrc,Arabinose,M9,0.3267472589502872,0.8620964234412624
30.116324821904332,3.5557805531946425,P. pastoris,pTrc,Methanol,YPD,0.4372056786588344,0.6634088827726133
20.874238829232254,4.57794087643361,E. coli,pTrc,IPTG,LB,0.43417634011133077,0.6459586926600007
28.438226202421017,7.236381502907611,E. coli,pBAD,IPTG,TB,0.5219528262246034,0.5986878689131203
30.146328431587115,7.051601400750852,S. cerevisiae,pTrc,IPTG,LB,0.5417910293822454,0.37558765490612206
25.682146143888332,3.1166085070776637,P. pastoris,pBAD,IPTG,YPD,0.20701894925495307,0.7011812844145942
33.105507463678975,6.815859858774262,E. coli,pBAD,Methanol,LB,0.627297944859586,0.6297100244137182
21.812170303274122,4.749121320427356,E. coli,pET,Methanol,YPD,0.37419726346662363,0.8108342807106398
21.27734228950875,4.8978132325121315,P. pastoris,pET,Methanol,LB,0.16151600332670418,0.6876817934897849
32.37920885546126,2.800879834495663,S. cerevisiae,pTrc,Arabinose,TB,0.3568500396323494,0.1735754181852339
28.423352375505374,2.483609082542748,P. pastoris,pBAD,Methanol,LB,0.22857291710918481,0.38078542478654764
31.702840739271515,6.367635841842591,P. pastoris,pET,IPTG,TB,0.5297914103923133,0.5397984479234808
27.392064756263686,4.978766914131798,E. coli,pTrc,Arabinose,TB,0.2336458918861533,0.7734907092586661
24.188834565064816,4.621104215691077,E. coli,pET,IPTG,LB,0.4215685757309885,0.7756249659962996
33.92473940046139,6.377049371914381,S. cerevisiae,pET,IPTG,TB,0.4672329132302571,0.4343464366892283
33.590069942472645,6.5930773939466585,E. coli,pBAD,Methanol,M9,0.5721859914798844,0.5801380677111133
31.809840004525256,2.9534490060161214,E. coli,pBAD,Methanol,LB,0.47111772382613093,0.33883596797777654
24.626467332909364,5.661350896865848,P. pastoris,pET,IPTG,LB,0.3358816882270762,0.8034384256695559
30.03392133677448,2.812124493666113,E. coli,pET,IPTG,TB,0.46614598994600687,0.3274196315228484
26.136556247980455,6.508250516174274,S. cerevisiae,pBAD,Arabinose,TB,0.33532732394405385,0.7495071668940968
21.55689524655278,5.941730937602837,P. pastoris,pTrc,Methanol,LB,0.3649271985215011,0.7677748910086216
35.59433078285813,7.7396877265007475,S. cerevisiae,pBAD,Arabinose,M9,0.5614846424310314,0.5918574759133947
22.325916725622342,2.413748098138527,P. pastoris,pET,Arabinose,TB,0.11296131038088299,0.6133025147858534
36.15403501495364,2.342328326907526,E. coli,pTrc,Arabinose,TB,0.6096871401280051,0.1928061627354849
27.582098140285247,3.693122448159201,P. pastoris,pET,IPTG,YPD,0.35608730417106965,0.7597300672211605
